ISO,ID,WRB_RG,WRB_Q1,WRB_Q2,WRB_Q3,WRB_Q4,FAO_88,FSUB_88,PHA_88,FAOSTAT_88,FAO_74,PHA_74,FAOSTAT,USGG_99,USSG_99,USTX_92,USMIN_92,STR_92,OTH_92,SMR_92,USGG_75,USSG_75,USTX,USMIN,STR,OTH,SMR,LOCAL,REMARKS,EDITDATE,VER,,,,,
AU,1,SN,sz,gl,,,SNg,,,1,Sg,,1,jad,ty,,,,,,aqn,AA,126,34,TH,,AQ,HAS: Solonchak; FK: Dy 1.43,,12/17/03 12:00 AM,OSP,,,,,
AU,2,AR,fl,dy,,,ARo,dy,,1,Qf,,1,,,,,,,,esx,AA,,34,TH,,XE,HAS: Earthy Sand, Norpa Series; FK: Uc5.22,,03/17/03 12:00 AM,OSP,,,,
AU,3,GY,szn,cc,lv,,GYk,lu,,1,Xl,,1,,,,,,,,drb,XE08,,,,,,HAS: Desert Loam; FK: Shallow Dr1.33 over buried soil,,03/11/03 12:00 AM,OSP,,,,,
AU,4,VR,gm,cr,sow,,VRe,,,1,Vc,,1,,,,,,,,vur,UD05,126,34,TH,,US,HAS: Grey clay; FK: Ug5.24,,03/20/03 12:00 AM,OSP,,,,,
AU,5,VR,szw,mz,cr,,VRe,,,1,Vc,,1,,,,,,,,vxr,AA,134,34,TH,,XE,HAS: Brown clay; FK: Ug5.4,,03/20/03 12:00 AM,OSP,,,,,
AU,6,VR,ccw,pe,gm,,VRk,pe,,1,Vp,,1,,,,,,,,vul,UD02,126,37,TH,,US,HAS: Black Earth; FK: Ug5.16,,03/13/03 12:00 AM,OSP,,,,,
AU,7,CH,ch,cc,,,CHk,ch,,1,Ck,,1,,,,,,,,mxa,CA04,80,34,TH,,XE,HAS: Chernozem; FK: Um6.11,,03/13/03 12:00 AM,OSP,,,,,
AU,8,PH,lv,ha,,,PHl,or,,1,Hl,,1,,,,,,,,mur,UD02,68,34,TH,,US,HAS: Prarie soil; FK: Gn3.22,,03/18/03 12:00 AM,OSP,,,,,
AU,9,VR,cc,pe,gm,,VRk,pe,,1,Vp,,1,,,,,,,,vxl,AA,126,38,TH,,XE,HAS: Wiesenboden; FK: Ug5.16,,03/19/03 12:00 AM,OSP,,,,,
AU,10,SN,mg,st,ab,hu,SNj,ab,,1,Ws,,1,,,,,,,,axn,AA,114,34,TH,,XE,HAS: Solodized Solonetz; FK: Dr3.43,,03/20/03 12:00 AM,OSP,,,,,
AU,11,SN,mg,st,ab,,SNj,ab,,1,Ws,,1,,,,,,,,aun,AA,114,34,ME,,US,HAS: Soloth; FK: Dd2.41,,03/26/03 12:00 AM,OSP,,,,,
AU,12,CM,ad,ca,cr,,CMc,ch,,1,Xh,,1,,,,,,,,eop,XE04,68,35,TH,,XE,HAS: Solonized Brown Soil, Hines Hill Series; FK: Gc.1.12,,03/26/03 12:00 AM,OSP,,,,
AU,13,LV,sow,fr,cr,,LVf,ch,SO,1,Lf,SO,1,,,,,,,,axa,AA,126,34,TH,,XE,HAS: Red-brown Earth, Shepparton fine sandy loam; FK: Dr2.33,,03/26/03 12:00 AM,OSP,,,,
AU,14,LV,ro,ha,,,LVx,,,1,Lc,,1,,,,,,,,axr,AA,96,34,TH,,XE,HAS: Non-calcic Brown Soil, York Series; FK: Dr2.22,,03/27/03 12:00 AM,OSP,,,,
AU,15,LV,gln,dy,,,ALg,hu,,1,Ag,,1,,,,,,,,uha,AQ06,96,50,TH,,XE,HAS: Brown Earth; FK: Gn3.71,,03/28/03 12:00 AM,OSP,,,,,
AU,16,GY,ptp,lv,,,GYp,lu,,1,Xy,,1,,,,,,,,dra,AA,114,22,TH,,AR,HAS: Calcareous Red Earth; FK: Gn1.13 over a burried soil,,03/28/03 12:00 AM,OSP,,,,,
AU,17,LV,pf,cr,ha,,LVx,,,1,Lc,,1,,,,,,,,axb,UL,126,34,TH,,XE,HAS: Red Earth; FK: Gn2.14,,03/28/03 12:00 AM,OSP,,,,,
AU,18,LX,cr,,,,LXh,,,1,Lf,,1,,,,,,,,ada,OX,96,34,TH,,UD,HAS: Red Earth; FK: Gn2.14,,03/31/03 12:00 AM,OSP,,,,,
AU,19,AC,hu,fr,ha,,ACu,,,1,Ah,,1,,,,,,,,uhb,OR02,96,46,TH,,UD,HAS: Yellow Earth; FK: Gn2.81,,03/31/03 12:00 AM,OSP,,,,,
AU,20,CM,len,ro,eu,,CMx,eu,RU,1,Bc,ST,1,,,,,,,,eox,AA,80,46,TH,,XE,HAS: Terra Rossa; FK: Uc6.13,,03/31/03 12:00 AM,OSP,,,,,
AU,21,PH,lv,cr,,,PHl,ch,,1,Hl,,1,,,,,,,,mub,UD02,114,34,TH,,US,HAS: Euchrozem, Burton clay loam; FK: Gn3.12,,03/31/03 12:00 AM,OSP,,,,
AU,22,AC,pf,fr,,,ACf,,,1,Af,,1,,,,,,,,uub,OX,114,28,PG,,US,HAS: Xanthozem; FK: Gn3.54,,03/31/03 12:00 AM,OSP,,,,,
AU,23,SN,gln,cc,mg,,SNg,cc,,1,Sg,,1,,,,,,,,axn,AQ06,96,35,TH,,XE,HAS: Solonetz; FK: Dy3.43,,04/01/03 12:00 AM,OSP,,,,,
AU,24,NT,hu,eu,,,NTu,eu,,1,Nh,,1,,,,,,,,adb,OX,126,34,TH,,UD,HAS: Krasnozem, Woongarra type; FK: Uf5.21,,04/01/03 12:00 AM,OSP,,,,
AU,25,AC,um,stn,ap,fr,ACu,st,,1,Ag,,1,,,,,,,,uua,AQ06,66,32,TH,,US,HAS: Grey-brown Podzolic Soil, Springton light sandy loam; FK: Dy3.22,,04/02/03 12:00 AM,OSP,,,,
AU,26,LV,st,fr,cr,,LVf,ch,,1,Lf,,1,,,,,,,,aua,UD02,126,34,ME,,US,HAS: Red Podzolic Soil; FK: Dr3.21,,04/28/03 12:00 AM,OSP,,,,,
AU,27,LV,st,fr,,,LVf,,,1,Lf,,1,,,,,,,,aua,UD02,126,34,ME,,US,HAS: Yellow Podzolic Soil; FK: Dy3.22,,04/28/03 12:00 AM,OSP,,,,,
AU,28,LX,hu,pf,frh,,LXf,hu,,1,Lf,,1,,,,,,,,axb,UL,126,35,ME,,XE,HAS: Brown Podzolic Soil, Gorae gravelly loam; FK: Dy3.61,,04/28/03 12:00 AM,OSP,,,,
AU,29,PT,ab,st,ap,fr,PTa,st,,1,Lp,,1,,,,,,,,adb,PL,126,34,ME,,UD,HAS: Lateritic Podzolic Soil; FK: Dy3.71,,04/29/03 12:00 AM,OSP,,,,,
AU,30,LV,ccw,ro,ct,,LVk,rh,,1,Lk,,1,,,,,,,,axr,CA,126,34,TH,,XE,HAS: Red Brown Earth, Urrbrae loam; FK: Dr2.23,,05/01/03 12:00 AM,OSP,,,,
AU,31,PL,gl,so,ab,dye,PLD,so,,1,Wd,,1,jah,,,,,,,aqw,AA,96,34,TH,,AQ,HAS: Gleyed Podzolic Soil; FK: Gn2.94,'Name according to the classification in Handbook of Austalian Soils (HAS) is ''gleyed podzolic soil over gleyed pedal clays''',05/02/03 12:00 AM,OSP,,,,,
AU,32,PZ,dn,ha,,,PZh,,,1,Po,,1,,,,,,,,soa,AA,62,46,TH,,US,HAS: Podzol; FK: Uc2.22,,05/02/03 12:00 AM,OSP,,,,,
AU,33,UM,hu,ha,,,CMu,dy,,1,Bh,,1,,,,,,,,ima,AA,96,34,ME,,UD,HAS: Alpine Humus Soil; FK: Um7.11,,05/02/03 12:00 AM,OSP,,,,,
AU,39,VR,ccw,pe,gm,sow,VRk,pe,GI,1,Vp,,1,,,,,,,,vul,AA,114,38,TH,,US,Grey clay,,05/06/03 12:00 AM,OSP,,,,,
BE,1,LV,gl,sl,ct,dyh,ALg,si,,1,Ag,,1,,,,,,,,uda,AQ06,88,34,FR,,UD,Sol lessivé faiblement à modérément gleyifié,,03/24/03 12:00 AM,OSP,,,,,
BE,2,LV,gl,ab,sl,dyh,ALg,ab,,1,Gd,,1,,,,,,,,uqo,AA,88,34,FR,,AQ,Sol lessivé très fortement gleyifié,,03/24/03 12:00 AM,OSP,,,,,
BE,3,PZ,gl,cb,,,PZg,,,1,Pg,,1,,,,,,,,sqa,AE,62,46,ME,,AQ,,,03/24/03 12:00 AM,OSP,,,,,
BE,4,PZ,ha,,,,PZh,,,1,Po,,1,,,,,,,,soa,AA,62,46,ME,,UD,,,03/24/03 12:00 AM,OSP,,,,,
BF,1,PT,eun,ap,,,PTe,ap,,1,Bg,MS,1,jcd,pt,,,,,,aub,OX,80,28,IH,,US,,,04/07/04 12:00 AM,OSP,,,,,
BJ,1,NT,eu,,,,NTh,,,1,Ne,,1,,,,,,,,adb,AA,96,46,IH,,UD,Terre de barre,,05/06/03 12:00 AM,OSP,,,,,
BJ,2,LX,pli,pf,cr,,LXf,ch,,1,Lf,,1,,,,,,,,aub,AA,80,46,IH,,US,CPCS (1967): Sol ferrugineux tropical lessivé à concrétions sur embréchite,,05/07/03 12:00 AM,OSP,,,,,
BJ,3,VR,gm,eu,,,VRe,gu,,1,Vc,,1,,,,,,,,vur,EN,114,37,IH,,US,CPCS (1967): Vertisol topomorphe à drainage externe réduit sur sédiment argilo-calcaire éocéne,,05/08/03 12:00 AM,OSP,,,,,
BJ,4,,,,,,,,,0,,,0,,,,,,,,,,,,,,,,,,,,,,,
BR,1,,,,,,LXH,,,0,Lf,,1,jce,ty,,,,,,aub,OX,96,28,IH,,US,Podzolico vermelho amarelo *),,02/16/95 12:00 AM,,,,,,
BR,2,,,,,,LXH,,,0,Lf,,1,jce,ty,,,,,,aub,OX,114,,HT,,US,Podzolico Vermelho-Amaralho *),,02/16/95 12:00 AM,,,,,,
BR,3,,,,,,FRG,,,0,Fa,,1,ecb,rh,,,,,,ouk,AA,114,28,HT,,US,Latossolo LE *),,02/16/95 12:00 AM,,,,,,
BR,4,,,,,,FRR,,,0,Fr,,1,ecc,ty,,,,,,ooe,AA,114,28,IT,,US,Latossolo Roxo eutrofico,,02/16/95 12:00 AM,,,,,,
BR,5,,,,,,FRG,,,0,Fa,,1,ecb,rh,,,,,,ook,AA,114,40,IT,,US,Latossolo Roxo acrico,,02/16/95 12:00 AM,,,,,,
BR,6,,,,,,FRR,,,0,Fr,,1,ece,rh,,,,,,oua,AA,68,28,HT,,UD,Latossolo Vermelho-Amarelo *),,02/16/95 12:00 AM,,,,,,
BR,7,,,,,,NTR,,,0,Ne,,1,jcf,ka,,,,,,adb,RH,114,28,HT,,US,Terra Roxa Estruturada eutr.*),,02/16/95 12:00 AM,,,,,,
BR,8,,,,,,FRU,,,0,Fh,,1,eee,hm,,,,,,ooa,AA,114,28,TH,,UD,Latossolo Roxo Humico Dist. *),,02/16/95 12:00 AM,,,,,,
BR,9,,,,,,FRU,,,0,Fh,,1,ece,hm,,,,,,ohk,AA,114,28,TH,,UD,Latossolo Bruno Humico dist. *,,02/16/95 12:00 AM,,,,,,
BR,10,,,,,,FRU,,,0,Fh,,1,eee,hm,,,,,,ohk,AA,114,28,TH,,UD,Latossolo Vermelho Amarelo *),,02/16/95 12:00 AM,,,,,,OSP
BR,11,,,,,,FRX,,,0,Ao,,1,edd,xa,,,,,,ouk,HA02,68,28,IH,,PU,Latossolo Amarelo alico,,02/16/95 12:00 AM,,,,,,
BR,12,,,,,,ATF,,,0,Be,,1,kba,,,,,,,ig,,115,28,IH,,PU,Terra Preta dos Indios,,02/17/95 12:00 AM,,,,,,
BR,13,,,,,,FRG,,,0,Fa,,1,ede,xa,,,,,,oua,AA,114,28,IH,,PU,Latossolo Amarelo Distrofico,,02/17/95 12:00 AM,,,,,,
BR,14,,,,,,FRR,,,0,Fr,CE,1,ece,hm,,,,,,oua,AA,114,,IH,,US,Latossolo Vermelho Escuro d.*),,02/17/95 12:00 AM,,,,,,
BR,15,,,,,,FRG,,,0,Fa,CE,1,ecb,hm,,,,,,oua,AA,115,,IH,,US,Latossolo Vermelho Amarelo *),,02/17/95 12:00 AM,,,,,,
BR,16,,,,,,PHL,,,0,Hl,,1,ife,pa,,,,,,mur,UD02,114,,IH,,US,Brunizem Avermelhado,,02/17/95 12:00 AM,,,,,,
BR,17,,,,,,SNH,,,0,So,,1,jcc,ty,,,,,,aun,AA,86,,IH,,US,Planossolo solódico,,02/17/95 12:00 AM,,,,,,
BR,18,,,,,,ACH,,,0,Ao,X,1,hdb,ty,,,,,,uub,AA,68,,IH,,US,Podzolico Acinzentado,,06/13/94 12:00 AM,,,,,,
BR,19,,,,,,PZH,,,0,Pp,MQ,1,cde,ty,,,,,,s,,62,46,IH,,US,Podzol com duripan*,,06/13/94 12:00 AM,,,,,,
BR,20,,,,,,ARH,,,0,Qb,,1,lcc,,,,,,,esz,AA,62,46,FH,,US,Areia Quartzosa distrofica,,02/17/95 12:00 AM,,,,,,
BR,21,,,,,,LXH,,,0,Lc,,1,jch,ty,,,,,,mur,AR34,114,,TH,,US,Bruno nao calcico,,06/13/94 12:00 AM,,,,,,
BR,22,,,,,,PLE,,,0,We,,1,jcf,gr,,,,,,aub,PS02,68,,IH,,US,Solonetz solodizado,,06/13/94 12:00 AM,,,,,,
BR,23,,,,,,ALF,,,0,Af,,1,hcg,oy,,,,,,udt,AQ06,114,34,IH,,UD,Podzolico Vermelho-Amarelo *),,02/17/95 12:00 AM,,,,,,
BR,24,,,,,,ARO,,,0,Fa,CE,1,,,,,,,,oua,QU,68,,IH,,US,Latossolo Vermelho-Amarelo *),,02/17/95 12:00 AM,,,,,,
BR,25,,,,,,FRG,,,0,Fa,CE,1,ecb,rh,,,,,,oua,AA,115,,IH,,US,Latossolo Roxo *),,02/17/95 12:00 AM,,,,,,
BR,26,,,,,,FRG,hu,,0,Fa,CE,1,ecb,ai,,,,,,ouk,AA,134,28,IH,,US,Latossolo Vermelho Escuro *),,02/21/96 12:00 AM,,,,,,
BR,27,,,,,,PTU,,,0,Gp,CE,1,,,,,,,,iql,,114,,IH,,PQ,Plintossolo Distrofico *),,02/17/95 12:00 AM,,,,,,
BR,28,,,,,,GLE,,,0,Ge,CE,1,,,,,,,,iqt,AA,114,,IH,,PQ,Plintossolo Eutrofico Tb *),,02/17/95 12:00 AM,,,,,,
BR,29,PL,gl,um,ab,au,PLu,ab,,1,Wh,,1,hac,ty,66,34,IH,,AQ,uqw,AA,66,34,IH,,AQ,Planossolo Tb Álico A moderado textura média/argilosa fase floresta tropical subcaducifólia relvo plano,,04/16/04 12:00 AM,OSP,,,,,
BW,1,LV,pf,ro,ct,,LVx,,,1,Ne,,1,jcf,az,126,34,HT,,US,aub,RH,126,34,HT,,US,Tobela series,,01/31/02 12:00 AM,OSP,,,,,
BW,2,VR,pe,gm,sow,,VRe,pe,,1,Vp,,1,vee,az,126,37,HT,,US,vul,AA,126,37,HT,,US,Manale series (deep vertic A),,01/31/02 12:00 AM,OSP,,,,,
BW,3,LV,pf,ct,,,LVG,,,1,Lg,,1,jch,ud,126,34,HT,,US,aua,AQ06,126,34,HT,,US,,,02/08/02 12:00 AM,OSP,,,,,
BW,4,LV,pcn,ro,,,LVX,,,1,Lk,,1,jcg,az,96,46,HT,,US,aub,PE04,96,46,HT,,US,,,02/08/02 12:00 AM,OSP,,,,,
BW,5,SN,gl,,,,SNG,,,1,Sg,,1,jad,al,96,46,HT,,US,aqn,AL04,96,46,HT,,US,,,02/08/02 12:00 AM,OSP,,,,,
BW,6,LV,pf,cr,,,LVx,,,1,Lc,,1,jch,ps,80,46,HT,,US,aub,AR34,80,46,HT,,US,,,02/08/02 12:00 AM,OSP,,,,,
BW,7,AR,pp,lvw,ru,eu,CMx,,PF,1,Qc,MS,1,kdd,az,62,46,HT,,US,iou,AR34,62,34,HT,,US,,,02/08/02 12:00 AM,OSP,,,,,
CA,1,CM,ca,,,,CMc,,,1,Kh,,0,,,,,,,,mba,AR34,68,35,FR,,AR,Orthic Brown Chernozem,,05/08/03 12:00 AM,OSP,,,,,
CA,2,KS,cco,ha,,,KSk,,,1,Kk,,1,,,,,,,,mba,AA,68,35,FR,,AR,Calcareous Dark Brown Chernozem,,05/08/03 12:00 AM,OSP,,,,,
CA,3,PH,gln,lv,gs,vm,PHg,lu,,1,Cl,,1,,,,,,,,mbc,AR22,80,46,CR,,UD,Gleyed Eluviated Black Chernozem,,05/08/03 12:00 AM,OSP,,,,,
CA,4,LV,cco,ct,,,LVk,,,1,Lk,,1,,,,,,,,abo,MO,96,35,FR,,UD,Orthic Dark Grey Soil,,05/12/03 12:00 AM,OSP,,,,,
CA,6,SN,szw,ccw,ad,,SNh,hz,,1,So,,1,,,,,,,,abn,,96,35,FR,,AR,Dark Brown Solodized Solonetz - Solod intergrade,,05/12/03 12:00 AM,OSP,,,,,
CA,7,SN,szw,mg,ad,ab,SNh,hz,,1,So,,1,,,,,,,,abn,,96,35,FR,,AR,Brown Solod,,05/12/03 12:00 AM,OSP,,,,,
CA,8,LV,gl,cr,ct,,LVg,mo,,1,Lg,,1,,,,,,,,mdr,AQ06,134,34,ME,,UD,Trafalgar series, Humic Luvic Gleysol,,05/13/03 12:00 AM,OSP,,,,
CA,9,LV,ab,ct,,,LVa,,,1,La,,1,,,,,,,,abo,AA,80,35,CR,,UD,Culp series, Orthic Gray Luvisol,,05/13/03 12:00 AM,OSP,,,,
CA,10,LV,ab,sl,ha,,LVa,,,1,La,,1,,,,,,,,abo,AA,96,34,FR,,UD,Lobley series, Podzolic Gray Luvisol,,05/14/03 12:00 AM,OSP,,,,
CA,13,LV,ab,pf,ct,dyh,ALu,,,1,Ah,,1,,,,,,,,iof,AA,80,34,FR,,UD,Tormentine Series, Fragic Humo-Ferric Podzol,,05/19/03 12:00 AM,OSP,,,,
CA,14,PZ,gl,dn,his,pi,PZg,hi,PL,1,Pg,,1,,,,,,,,sqa,AR,62,34,FR,ortstein,AQ,Ortstein Humic Podzol,,05/19/03 12:00 AM,OSP,,,,,
CA,15,PL,sow,lv,ab,euo,PLe,hs,,1,Ws,,1,,,,,,,,abo,AA,114,34,FR,,UD,Esher Series, Dark Grey Solod,,05/19/03 12:00 AM,OSP,,,,
CA,16,CM,ca,,,,CMc,,,1,Bk,,1,,,,,,,,ioc,AA,80,35,FR,,UD,Orthic Eutric Brunisol,,05/19/03 12:00 AM,OSP,,,,,
CA,17,FL,hu,ca,,,FLc,,,1,Jc,,1,,,,,,,,evd,MO,68,35,FR,,UD,La Salle Series, Cumulic Regosol,,05/20/03 12:00 AM,OSP,,,,
CA,18,LV,st,fg,cr,ct,LVj,ch,FR,1,Lg,X,0,,,,,,,,aqf,AA,80,34,FR,,AQ,Kentville sandy loam, Fragic Luvic Gleysol,,05/21/03 12:00 AM,OSP,,,,
CA,20,GL,tio,hu,au,eue,GLt,hu,,1,Gh,,1,,,,,,,,iqh,SU,88,34,ME,acid,AQ,Orthic Humic Gleysol,,05/21/03 12:00 AM,OSP,,,,,
CA,21,GL,eu,,,,GLe,,,1,Ge,,1,,,,,,,,iqa,AA,88,34,FR,nonacid,AQ,Piperville Series, Fera Humic Gleysol,,05/22/03 12:00 AM,OSP,,,,
CA,22,PL,gl,cc,ab,eu,PLe,cc,,1,We,,1,,,,,,,,aqw,AB,114,34,FR,,AQ,Humic Luvic Gleysol, fine-loamy, mixed, moderately to strongly calcareous, cool, subhumid family,,05/22/03 12:00 AM,
CA,23,AR,eu,,,,ARb,,,1,Qc,,1,,,,,,,,esu,AA,,34,ME,,US,Eluviated Eutric Brunisol, sandy, mixed, neutral, mild semiarid family,,05/22/03 12:00 AM,OSP,
CA,24,PZ,gln,rs,,,PZg,fe,,1,Pg,,1,,,,,,,,soc,AA,80,34,FR,,UD,Orthic Ferro-Humic Podzol,,05/14/03 12:00 AM,OSP,,,,,
CI,1,,,,,,ACF,,,0,Af,ST,1,hcc,ty,,,,,,udt,OR02,56,40,IH,,UD,Sol ferrallitique, see remarks,Extremely deep, somewhat excessively drained, red, very gravelly ì,,,
CI,2,,,,,,ACF,,,0,Af,ST,1,hcc,ty,,,,,,udt,OR02,56,40,IH,,UD,Sol ferrallitique, see remarks,A well drained extremely deep red, strongly gravelly clay soil ì,,,,,
CI,3,,,,,,ACP,fe,,0,Ap,ST,1,hcc,pt,,,,,,udl,,56,40,IH,,UD,Sol ferrallitique, see remarks,A very deep (125-180 cm), well drained, yellowish brown, very ì,,,
CI,4,,,,,,ACF,fe,,0,Fx,PE,1,jee,ad,,,,,,ooa,UL,114,40,IH,,UD,Sol ferrallitique, see remarks,Deep, moderately well drained, yellowish brown clay, with a thin ì,,,
CI,5,,,,,,FLE,,,0,Ge,,1,,,,,,,,iqt,AA,80,28,IH,,AQ,Sol hydromorphe,A poorly drained, deep soil (80-125 cm) with a porous massive ì,,,,,,
CI,6,,,,,,ACF,au,,0,Af,,1,hcc,ty,,,,,,udt,OR02,114,40,IH,,UD,Sol ferrallitique, see remarks,A gravelly, very deep soil (125-180 cm), derived from gneiss rich ì,,,,
CI,7,,,,,,ACP,ve,SK,0,Ap,ST,1,hcc,ad02,,,,,,udl,,114,40,IH,,UD,Sol ferrallitique, see remarks,A very deep (125-180 cm), moderately well drained, strong brown ì,,,,
CM,1,NT,fl,dy,,,NTh,dy,,1,Nd,,1,hcc,ty,,,,,,udb,AA,114,28,IH,,UD,,,,,,,,,
CN,1,LV,cr,ct,ha,,LVX,si,,0,Lc,,1,jej,ty,,,,,,ada,AA,106,34,TH,,UD,Argillic yellow brown soil; Hapli-Udic Argosol,LOCAL CLASSIFICATION: Chinese Soil Taxonomic Classification System (CSTC), translation of the original Chinese version published in 1991.,07/02/04 12:00 AM,OSP,,,,
CN,2,CM,st,ca,,,CMC,gl,IN,0,Bg,PH,1,,,,,,,,ioe,AA,106,34,TH,,AQ,Haplic yellow brown soil; Ochri-Aquic Cambosol,FAO (1988): Gleyi-Calcaric Cambisol (Siltic), anthraquic phase,07/02/04 12:00 AM,OSP,,,,
CN,3,AT,hg,lv,,,LVJ,fl,AN,0,Lg,PH,0,jej,aq,,,,,,ada,AQ06,126,34,TH,,AQ,Recalcaric paddy soil; Gleyi-Stagnic Anthrosol,,07/02/04 12:00 AM,OSP,,,,,
CN,4,CM,flh,cr,dyh,,CMO,au,,0,Bf,,1,,,,,,,,ioy,AA,126,34,TH,,UD,Haplic latored soil; Hapli-Udic Ferralosol,FAO (1988): Alumi-Ferralic Cambisol (Siltic and Chromic),07/02/04 12:00 AM,OSP,,,,,
CN,5,CM,len,ca,cr,,CMC,si,,0,Bc,,1,,,,,,,,ioe,AA,126,34,TH,,UD,Calcaric purple soil; Purpli-Udic Cambosol,FAO (1988): Silti-Calcaric Cambisol (Chromic),07/02/04 12:00 AM,OSP,,,,,
CN,6,LV,pf,cr,ct,ha,LVV,ch,RU,0,Ne,ST,1,jeg,vr,,,,,,adb,VE02,134,34,TH,,UD,Haplic brown limestone soil; Ferri-Udic Argosol,,07/02/04 12:00 AM,OSP,,,,,
CN,7,FR,vt,au,,,CMO,al,,0,Fo,,1,eec,in,,,,,,ooe,TR02,126,28,TH,,UD,Eutrophic latored soil; Hapli-Udic Ferralosol,FAO (1988): Alumi-Ferralic Cambisol (Chromic). Soil becomes ì,,,,,,,
CN,8,CM,flh,cr,dyh,,CMO,au,,0,Bf,,1,,,,,,,,ioy,AA,96,34,TH,,UD,Haplic latored-yellow soil; Acidi-Undic Cambosol,FAO (1988): Alumi-Ferralic Cambisol (Xanthic),07/02/04 12:00 AM,OSP,,,,,
CN,9,AT,tr,,,,ATC,si,,0,Rc,,1,kbb,,,,,,,ig,,106,34,ME,,AR,Haplic Lou soil; Earth-cumuli-Orthic Anthrosol,FAO (1988): Silti-Cumulic Anthrosol (Calcaric),07/02/04 12:00 AM,OSP,,,,,
CN,10,CM,ad,so,gp,ca,CMC,so,,0,Xh,SO,1,,,,,,,,dom,NA06,88,35,FR,,AR,Haplic grey desert soil; Hapli-Ustic Cambosol,FAO (1988): Sodi-Calcaric Cambisol (Siltic),07/02/04 12:00 AM,OSP,,,,,
CN,11,AT,ir,,,,RGC,ad,TK,0,Rc,,0,,,,,,,,evp,AA,106,34,FR,,TO,See remarks; Hapli-Ustic Cambosol,FAO (1988): Aridi-Calcaric Regosol (Siltic),,,,,,,
CN,12,RG,yes,szw,gp,ca,RGC,ny,SA,0,Xh,Z,1,leb,ty,,,,,,eop,AA,88,34,FR,,TO,Haplic cold desert soil; Gypsi-Orthic Aridosol,FAO (1988): Nudiyermi-Calcaric Regosol (Siltic), salic and sodic ì,,,,,,
CN,13,AT,ir,rg,,,ATC,si,,0,Rc,,1,ldd,at,,,,,,evp,AN30,106,34,FR,,TO,See remarks; Earth-cumuli-Orthic Anthrosol,Old local classification: irrigated cultivated oasis soil or grey ì,,,,,,,
CN,14,SC,so,psp,ad,szh,SCN,pt,PH,1,Zo,PH,1,,,,,,,,dos,AQ34,88,34,ME,,AR,Salipanic brown desert soil; Panic Sali-Orthic Aridosol,FAO (1988): Petri-Sodic Solonchak (Siltic), phreatric phase,07/02/04 12:00 AM,OSP,,,,
CN,15,AR,ad,pr,eu,,ARH,or,,0,Re,,1,lcb,ty,,,,,,esp,AA,,34,ME,,TO,Haplic blown sand soil; Aridi-Sandic Primosol,,07/02/04 12:00 AM,OSP,,,,,
CN,16,RG,ye,sk,,,RGC,ye,SK,0,Rc,PE,1,leb,ty,,,,,,eop,AA,36,34,FR,,TO,Haplic skeletisol; Aridi-Orthic Primosol,,07/02/04 12:00 AM,OSP,,,,,
CN,17,AC,vt,pf,dyh,cr,FRH,ak,,0,Af,,1,hcc,ty,,,,,,udb,AA,114,28,IH,,UD,Haplic latosol; Hapli-Udic Ferralosol,FAO (1988): Acri-Haplic Ferralsol (Vetic and Alumnic). Soil is ì,,,,,,,
CN,18,FR,gr,po,ro,,FRG,rh,,0,Fa,,1,eeb,ai,,,,,,ook,AA,134,28,IH,,UD,Haplic latosol; Rhodi-Udic Ferralosol,,07/02/04 12:00 AM,OSP,,,,,
CN,19,AC,hu,vt,pf,dyh,ACH,vt,,0,Af,,1,hcc,ty,,,,,,udb,AA,114,28,IH,,UD,Argillic latored soil; Xanthi-Udic Ferralosol,FAO (1988): Veti-Haplic Acrisol (Pachic and Xanthic). Silt/clay ì,,,,,,,
CN,20,FR,ac,au,dyh,,CMO,vt,,0,Fo,,1,eee,ty,,,,,,ooa,AA,126,28,IH,,US,Haplic latored soil; Hapli-Udic Ferralosol,FAO (1988): Veti-Ferralic Cambisol (Chromic). Silt/clay ratio is ì,,,,,,,
CN,21,AC,pf,au,dyh,cr,ACH,au,,1,Ao,,1,hdb,ud,,,,,,uub,OX,114,28,TH,,US,Haplic red soil;Hapli-Udic Ferrosol,FAO (1988): Alumi-Haplic Acrisol (Pachic and Chromic). Silt/clay ratio too high for a ferralic B horizon. ST (1992): < 10% weatherable minerals in the 20-200 micron fraction is assumed based on the lack of bases on the exchange complex and the,02/15/96 12:00 AM,,,,,,
CN,22,AL,gln,pf,dyh,cr,ALF,au,,0,Af,,1,hdd,ty,,,,,,uub,AA,114,34,TH,,US,Ferri-Udic Cambosol,FAO (1988): Alumi-Ferric Alisol (Pachic and Chromic),10/07/94 12:00 AM,,,,,,
CN,23,CM,dyh,,,,CMD,au,,0,Bd,,1,,,,,,,,iou,DY02,96,34,TH,,US,Ali-Udic Cambosol,FAO (1988): Alumi-Dystric Cambisol (Xanthic),10/07/94 12:00 AM,,,,,,
CN,24,AT,hg,gl,lv,,ALF,or,AN,0,Af,PH,1,jej,aw,,,,,,ada,AA,126,34,TH,,UD,Hydragric paddy soil; Gleyi-Stagnic Anthrosol,,09/29/94 12:00 AM,,,,,,
CN,25,LX,pf,ro,,,ACH,ni,,0,Af,,1,hce,ty,,,,,,uda,AA,114,34,TH,,UD,Haplic red soil; Argi-Udic Ferrosol,FAO (1988): Niti-Haplic Acrisol (Pachic and Chromic),10/07/94 12:00 AM,,,,,,
CN,26,CM,len,fl,dyh,,CMD,hu,,0,Bd,,1,,,,,,,,ioy,UM02,80,34,ME,,UD,Para-yellow soil; Acidi-Udic Cambosol,FAO (1988): Humi-dystric Cambisol (Alumic),10/07/94 12:00 AM,,,,,,
CN,27,CM,lep,fl,dyh,,CMD,au,LI,0,Bd,LI,1,,,,,,,,ioy,UM02,126,34,TH,,UD,Haplic para-yellow soil; Acidi-Udic Cambosol,FAO (1988): Alumi-Dystric Cambisol (Xanthic), lithic phase,10/07/94 12:00 AM,,,,,
CN,28,AC,dyh,cr,,,ALH,au,,0,Af,,1,hcg,ty,,,,,,uda,AA,114,28,ME,,UD,Argillic red soil; Argi-Udic Ferrosol,FAO (1988): Alumi-Haplic Alisol ((Chromic),10/07/94 12:00 AM,,,,,,
CN,29,AC,dyh,cr,,,CMO,au,,0,Bf,,1,,,,,,,,ioy,AA,126,34,TH,,UD,Haplic para-red soil; Acidi-Udic Cambosol,FAO (1988): Alumi-Ferralic Cambisol (Chromic),10/07/94 12:00 AM,,,,,,
CN,30,FR,dyh,,,,CMO,au,,0,Bf,,1,,,,,,,,ioy,AA,126,34,TH,,UD,Yellowic para-red soil; Hiweatheri-Udic Ferrosol,FAO (1988): Alumi-Ferralic Cambisol (Chromic),10/07/94 12:00 AM,,,,,,
CN,31,NT,eu,,,,NTH,eu,,0,Lc,,1,jej,ty,,,,,,ada,MO,126,34,TH,,UD,Luvic brown limestone soil; Ferri-Udic Argosol,FAO (1988): Eutri-Haplic Nitisol (Chromic),10/10/94 12:00 AM,,,,,,
CN,32,FR,dyh,,,,CMO,au,,0,Fo,,1,eee,ty,,,,,,ooa,TR02,114,28,TH,,UD,Haplic latored soil; Hapli-Udic Ferralosol,FAO (1988): Alumi-Ferralic Cambisol (Chromic),10/10/94 12:00 AM,,,,,,
CN,33,FL,gl,dy,eu,,FLT,pr,AN,0,Jt,,1,laa,ty,,,,,,eqi,AA,96,34,TH,,AQ,Acid-sulphatic paddy soil; Aqui-Alluvic Primosol,,09/29/94 12:00 AM,,,,,,
CN,34,CM,ca,cr,,,CMX,si,,0,Bc,,1,,,,,,,,iou,AA,106,34,ME,,US,Haplic cinnamon soil; Hapli-Ustic Cambosol,FAO (1988): Silti-Chromic Cambisol (Eutric),10/10/94 12:00 AM,,,,,,
CN,35,PH,ph,sl,,,PHH,si,PH,0,Hh,PH,1,igf,cu,,,,,,mda,CU,126,34,ME,,UD,Haplic thermo-black soil; Hapli-Udic Isohumosol,USDA/SCS (1975, 1992): soil moisture regime is considered to be ì,,,,,,
CN,36,LV,cr,ct,ha,,LVX,si,,0,Lc,,1,jch,ud,,,,,,aua,UD02,106,34,ME,,US,Argillic brown soil; Hapli-Ustic Argosol,,09/29/94 12:00 AM,,,,,,
CN,37,LV,ab,ct,,,LVA,hg,,0,La,,1,,,,,,,,abg,AA,126,34,FR,,US,Haplic dark brown soil; Albi-Boric Argosol,FAO (1988): Hypoglossi-Albic Luvisol (Siltic) / USDA/SCS (1992): ì,,,,,,,
CN,38,SN,st,hu,,,SNJ,si,,0,So,,1,,,,,,,,abn,,126,37,FR,,US,Haplic solonetz; Hapli-Alkalic Halosol,,09/29/94 12:00 AM,,,,,,
CN,39,CH,sl,,,,CHH,,,0,Ch,,1,,,,,,,,mba,CU,126,37,FR,,US,Haplic chernozem; Pachi-Ustic Isohumosol,,09/29/94 12:00 AM,,,,,,
CN,40,PH,lv,ab,gz,sl,GRH,si,,0,Mo,,1,,,,,,,,mbr,BO,126,34,FR,,US,Luvic chernozem; Hapli-Ustic Isohumosol,FAO (1988): Silti-Haplic Greyzem (Chromic). If not Haplic Greyzem ì,,,,,,,
CN,41,PH,ph,sl,vm,,PHH,fl,,0,Hh,,1,,,,,,,,mba,PA02,126,37,FR,,US,Luvic chernozem; Pachi-Ustic Isohumosol,FAO (1988): Fluvi-Haplic Phaeozem (Siltic).,10/11/94 12:00 AM,,,,,,
CN,42,AN,vi,sow,sk,,LPD,ea,SK,0,Re,PE,1,,,,,,,,eou,AA,9,34,FR,,US,Cinderic andisol; Usti-Vitric Andosol,FAO (1988): gravel content, although not measured, is assumed to ì,,,,,
CN,43,LX,pf,cr,,,ACH,pa,,0,Af,,1,hcc,ty,,,,,,uda,AA,114,34,ME,,UD,Argillic red soil;,FAO (1988): Pachi-Haolic Acrisol (Chromic). It is assumed that ì,,,,,,,
CN,44,CM,flh,cr,dyh,,CMO,au,,0,Bf,,1,,,,,,,,ioy,FL12,126,28,HT,,UD,Haplic latosol; Hapli-Udic Ferrosol,FAO (1988): Alumi-Ferralic Cambisol (Chromic).,10/11/94 12:00 AM,,,,,,
CN,45,CM,len,fl,sk,ro,CMO,rp,RU,0,Bf,ST,1,,,,,,,,ioe,AA,56,28,HT,,US,Haplic dry red soil; Hapli-Ustic Ferrosol,FAO (1988): Rupti-Ferralic Cambisol (Rhodic), rudic phase. The Ap ì,,,,,,
CN,46,LV,st,sow,cr,ct,LVJ,ch,,0,Lc,,1,jch,aq,,,,,,aua,AQ06,126,37,TH,,US,Haplic red cinnamon soil; Ferri-Ustic Argosol,,09/29/94 12:00 AM,,,,,,
CN,47,LV,ct,dy,,,ACH,au,,0,Af,,1,hcg,ty,,,,,,uda,AA,114,34,ME,,PU,Argillic yellow soil; Hapli-Perudic Argosol,,09/29/94 12:00 AM,,,,,,
CN,48,FR,dyh,,,,CMO,au,,0,Bf,,1,,,,,,,,ioy,FL06,134,34,ME,,PU,Haplic yellow soil; Hapli-Perudic Ferrosol,FAO (1988): Alumi-Ferralic Cambisol (Chromic). The Bw2 horizon ì,,,,,,,
CN,49,PH,lv,cr,,,PHL,ch,RU,0,Hl,ST,1,igd,ty,,,,,,mdr,AA,134,34,ME,,PU,Haplic brown limestone soil; Isohumisol,,09/29/94 12:00 AM,,,,,,
CN,50,CM,lep,ca,cr,,CMC,si,LI,0,Bk,LI,1,,,,,,,,ioe,LI02,106,34,TH,,UD,Calcic purple soil; Purpli-Udic Cambosol,FAO (1988): Silti-Calcaric Cambisol (Chromic), lithic phase.,10/11/94 12:00 AM,,,,,
CN,51,CM,ca,cr,,,CMC,si,IN,0,Bk,,1,,,,,,,,ioe,AA,106,34,TH,,UD,Calcic purple soil; Hapli-Udic Cambosol,FAO (1988): Silti-Calcaric Cambisol (Chromic), inundic phase.,10/11/94 12:00 AM,,,,,
CO,1,,,,,,NTU,,,0,Ah,,1,hbe,us,,,,,,uhb,US04,115,28,IH,,US,,Very deep, well drained, brown friable clay, with clear signs of ì,,,,
CO,2,,,,,,CMO,,,0,Fo,,1,,,,,,,,ity,US12,114,28,IH,,US,,'USDA''92 : assuming a bulkdensity over horizon 1-4', higher than ì,,,,,,
CO,3,,,,,,ACP,,,0,Ap,,1,hda,,,,,,,uul,OX,80,28,IH,,US,,Deep, moderately well drained, strongly mottled yellowish red, ì,,,,
CO,4,,,,,,RGD,,,0,Bd,,1,,,,,,,,ity,AA,96,28,IH,,PU,,'USDA''92: assuming a bulkdensity over the top 100 cm of 162 g/cc ì',,,,,,,
CO,5,,,,,,ALP,,,0,Ap,,1,hca,,,,,,,udl,AA,96,28,IH,,PU,,Deep, moderately well drained, strong brown, friable clay, with ì,,,
CO,6,,,,,,ALH,,,0,Nd,,1,hcg,ty,,,,,,,,114,,IH,,PU,,Very deep, well drained, brownish yellow to yellowish red clay; ì,,,,,
CO,7,,,,,,ACP,,,0,Ap,,1,hca,,,,,,,,,,,IH,,UD,,Deep, moderately well drained, firm, brown, mottled clay with ì,,,
CO,8,,,,,,ACH,,,0,Af,,1,hbd,us,,,,,,udb,AA,114,28,IH,,UD,,Very deep, well drained, reddish brown to yellowish red, friable ì,,,,
CO,9,,,,,,ACU,,,0,Ah,,1,,,,,,,,uht,HU06,115,,IH,,UD,,Very deep, well drained, brown clay loam to strong brown friable ì,,,,,
CO,10,,,,,,ARH,,,0,Qb,,1,lcc,ty,,,,,,esz,AA,62,,IH,,UD,,Shallow to moderately deep, somewhat excessively drained, dark ì,,,,,
CO,11,,,,,,ANU,,,0,Th,,1,deb,hm,,,,,,iny,HY,26,,IM,,UD,,Very deep, well drained, very dark loam. A very thick, black, ì,,,
CO,12,,,,,,ANZ,,,0,Th,,1,deb,hm,,,,,,,,,,IM,,UD,,Very deep, well drained, very dark grey to black sandy loam. ì,,,,,
CO,13,,,,,,ANU,pl,,0,Th,,1,dga,ty,,,,,,,,,,IM,,UD,,Moderately deep, moderately well drained, very dark grey loam; A ì,,,,,
CO,14,,,,,,ANU,,,0,Th,,1,dgf,vi,,,,,,,,,,CR,,UD,,Very deep, well drained, dark brown to grey loam. A thick ì,,,,,
CO,15,,,,,,ACF,,,0,Af,,1,hcg,ty,,,,,,,,114,28,IH,,UD,,Deep, moderately well drained, (yellowish) red clay loam ì,,,,,
CO,16,,,,,,CMO,,,0,Bf,,1,,,,,,,,ity,US12,68,28,IH,,UD,,Deep, well drained, yellowish red loam to clay loam. The soil has ì,,,,,
CO,17,,,,,,FLE,,,0,Je,,1,lae,ae,,,,,,eqv,TR04,80,34,IH,,UD,,Very deep, moderately well drained, brown, fine loamy soil with ì,,,,
CO,18,,,,,,RGD,,,0,Fx,,1,ece,in,,,,,,ooa,AA,68,28,HT,,UD,,Very deep, well drained, soil; a brown topsoil of sandy loam ì,,,,,
CR,1,,,,,,,,,0,Be,,1,,,,,,,,ite,AN,68,24,IT,,UD,Serie Instituto,,,,,,,,
CR,2,,,,,,,,,0,Be,,1,,,,,,,,ite,AN,68,34,IH,,UD,Serie Instituto,,,,,,,,
CR,3,,,,,,,,,0,Bg,,1,,,,,,,,itu,AQ06,124,28,IH,,US,,,,,,,,,
CR,4,,,,,,,,,0,Th,,0,,,,,,,,iny,OX,114,34,IT,,UD,Serie Birrisito,,,,,,,,
CR,5,,,,,,,,,0,Gd,,1,,,,,,,,iqt,AE,106,34,IH,,AQ,,,,,,,,,
CR,6,,,,,,,,,0,T,,0,,,,,,,,iny,AA,84,,IH,,PU,Suelo Los Diamantes,,,,,,,,
CR,7,,,,,,,,,0,T,,0,,,,,,,,iny,AA,84,,IH,,PU,Suelo Los Diamantes,,,,,,,,
CR,8,,,,,,,,,0,,,0,,,,,,,,ooa,AA,114,28,IH,,PU,Suelo Neguev,,,,,,,,
CR,9,,,,,,,,,0,,,0,,,,,,,,ooa,TR02,114,18,IH,,PU,Suelo Neguev,,,,,,,,
CR,10,,,,,,,,,0,Q,,0,,,,,,,,est,AQ06,62,-1,IH,,UD,,,,,,,,,
CR,11,,,,,,,,,0,,,0,,,,,,,,iny,EN,72,,IH,,PU,Suelo Montelimar,,,,,,,,
CR,12,,,,,,,,,0,Th,,1,,,,,,,,inw,AA,68,,IT,,PU,,,,,,,,,
CU,1,,,,,,GLE,fl,,0,Ge,,1,vag,us,,,,,,iqt,AA,114,37,IH,,AQ,Gley Ferralitico,,06/11/94 12:00 AM,,,,,,
CU,2,,,,,,CME,or,,0,Be,,1,,,,,,,,itu,AA,114,34,IH,,US,Ferralitico cuarcitico,,06/11/94 12:00 AM,,,,,,
CU,3,,,,,,CMO,ch,,0,Bf,,1,,,,,,,,itu,OX,114,28,IT,,US,Ferralitico amarillento,,06/11/94 12:00 AM,,,,,,
CU,4,,,,,,GLE,ve,,0,Ge,,1,,,,,,,,iqt,AA,114,37,IT,,AQ,Gley ferralitico,,06/11/94 12:00 AM,,,,,,
CU,5,,,,,,FRR,eu,,0,Fr,,1,ecc,rh,,,,,,oue,TR02,114,28,IH,,US,Ferralitico rojo típico,,06/11/94 12:00 AM,,,,,,
CU,6,,,,,,VR,ca,,0,Vc,,1,vee,le,,,,,,vur,AA,134,37,IH,,US,Pardo con carbonato plast.,,06/11/94 12:00 AM,,,,,,
CU,7,,,,,,FRH,eu,,0,Fo,,1,ecc,ty,,,,,,oue,TR02,114,28,IH,,US,Ferralitico rojo tipico,,06/11/94 12:00 AM,,,,,,
CU,8,,,,,,CMC,or,,0,Be,,1,,,,,,,,itu,AA,124,38,IH,,US,Fersialitico pardo rojizo,,06/11/94 12:00 AM,,,,,,
CU,9,,,,,,VR,pe,,0,Vp,,1,vee,ud,,,,,,vul,UD02,126,37,IH,,US,Pardo sin carbonato plast.,,06/11/94 12:00 AM,,,,,,
CU,10,,,,,,PHC,,,0,E,,1,ifg,en,,,,,,mua,EN,122,38,IH,,US,Humico carbonatico,,06/11/94 12:00 AM,,,,,,
CU,11,,,,,,CME,or,,0,Be,,1,,,,,,,,itu,AA,,37,IH,,US,Pardo sin carbonato,,06/11/94 12:00 AM,,,,,,
CU,12,,,,,,CMO,,,0,Bf,,1,,,,,,,,ity,OX,114,34,IH,,UD,Ferralitico rojo amarillo lix.,,06/11/94 12:00 AM,,,,,,
CU,13,,,,,,GLE,ve,,0,Ge,,1,kah,us,,,,,,mqa,AA,114,37,IH,,US,Gley humico,,06/11/94 12:00 AM,,,,,,
CU,14,,,,,,CMC,or,,0,Bk,,1,,,,,,,,ite,AA,,38,IH,,US,Pardo con carbonato,,06/11/94 12:00 AM,,,,,,
CU,15,,,,,,SCK,so,,0,Zo,SO,1,kac,ae,,,,,,iqx,AE,114,38,IH,,US,Solonchak tipico,,06/11/94 12:00 AM,,,,,,
CU,16,,,,,,KSK,or,,0,Hc,,1,ifc,ty,,,,,,muk,AA,114,35,IH,,US,Pardo con carbonato secundario,,06/11/94 12:00 AM,,,,,,
CU,17,,,,,,CMC,or,,0,Bk,,1,,,,,,,,ite,AA,114,38,IH,,US,Pardo con carbonato tipico,,06/11/94 12:00 AM,,,,,,
CU,18,,,,,,PHH,ve,,0,Hh,,1,,,,,,,,mua,VE02,126,37,IH,,US,Aluvial diferenciado,,06/11/94 12:00 AM,,,,,,
CU,19,,,,,,VRK,or,,0,Vc,,1,ved,ty,,,,,,vur,AA,114,37,IH,,US,Oscuro plastico gleysoso,,06/11/94 12:00 AM,,,,,,
CU,20,,,,,,VRK,pe,SO,0,Vp,SO,1,ved,ty,,,,,,vul,AA,126,37,IH,,US,Oscuro plastico gleysoso negro,,10/11/95 12:00 AM,,,,,,
CU,21,,,,,,VRe,or,SO,0,Vc,SO,1,vee,so,,,,,,vur,AA,114,37,IH,,US,Oscuro plastico gleysoso gris,,06/11/94 12:00 AM,,,,,,
CU,22,,,,,,FRG,fe,,0,Fa,,1,eeb,ai,,,,,,ook,PL04,114,18,IH,,UD,Ferritico purpura,,06/11/94 12:00 AM,,,,,,
DE,1,LV,ct,ha,,,LVh,,,1,Lo,,1,,,,,,,,ada,MO,106,34,ME,,UD,Parabraunerde,,07/02/03 12:00 AM,OSP,,,,,
DE,2,,,,,,,,,0,Ag,,0,,,,,,,,uqo,,,,,,,Primaerer Pseudogley,,,,,,,,
DE,3,,,,,,,,,0,Lg,,0,,,,,,,,ada,,,,,,AQ,Parabraunerde-Pseudogley,,,,,,,,
DE,4,,,,,,,,,0,,,0,,,,,,,,,,,,,,,Gley-Podsol,,,,,,,,
DE,5,,,,,,,,,0,G,,0,,,,,,,,mq,,,,,,,Nassgley,,,,,,,,
DE,6,,,,,,,,,0,Ge,,0,,,,,,,,iqa,AA,68,34,ME,,,Typischer Gley,,,,,,,,
DE,7,,,,,,,,,0,,,0,,,,,,,,,,,,,,,Parabraunerde,,,,,,,,
DE,8,,,,,,,,,0,Hc,,1,,,,,,,,mda,AQ06,68,35,ME,,UD,Schwarzerdeaehnlicher Boden,,,,,,,,
DE,9,,,,,,,,,0,,,0,,,,,,,,,,,,,,,Rosterde,,,,,,,,
DE,10,,,,,,,,,0,,,0,,,,,,,,,,,,,,,,,,,,,,,
DE,11,,,,,,CM,,,0,Bd,,1,,,,,,,,ioy,AA,96,,,,,Braunerde geringem Basengehalt,,08/25/94 12:00 AM,,,,,,
DE,12,,,,,,,,,0,,,0,,,,,,,,ada,MO,,,,,,Parabraunerde,,,,,,,,
DE,13,,,,,,,,,0,Ch,,0,,,,,,,,mda,AA,,,,,,Schwarzerde,,,,,,,,
DE,14,,,,,,,,,0,Cl,,0,,,,,,,,mdr,AA,106,34,ME,,,Parabraunerde-Tschernosem,,,,,,,,
DE,15,,,,,,,,,0,Hl,,0,,,,,,,,mdr,AA,,,,,,Acker-Chernozem-Parabraunerde,,,,,,,,
DE,16,,,,,,LVh,,,1,Lo,,0,,,,,,,,ada,AA,,,,,,Acker-Parabraunerde,,07/04/03 12:00 AM,,,,,,
DE,17,,,,,,CHh,vt,,1,Ch,,0,,,,,,,,mdv,EN,,,,,,,,07/04/03 12:00 AM,OSP,,,,,
DE,19,AB,,,,,PDg,,,1,Dg,,1,,,,,,,,,,,,,,,Haftnässepseudogley,,07/04/03 12:00 AM,OSP,,,,,
DK,1,UM,ar,hu,,,ARb,hu,,1,Qc,,1,,,,,,,,ima,PS02,,34,ME,acid,UD,,,06/17/03 12:00 AM,OSP,,,,,
DK,2,PZ,fg,ha,,,PZh,fr,,1,Po,X,1,,,,,,,,sha,AA,62,46,ME,,UD,,,06/17/03 12:00 AM,OSP,,,,,
DK,3,PZ,ha,,,,PZh,,,1,Po,,1,,,,,,,,soa,AA,62,46,ME,non-cemented,UD,,,06/17/03 12:00 AM,OSP,,,,,
EC,1,,,,,,,,,0,Tm,,0,,,,,,,,ind,AA,,,IT,,UD,Suelo negro andino,,,,,,,,
EC,2,,,,,,,,,0,Bh,,0,,,,,,,,ith,AN,96,34,IM,,UD,Suelo negro andino,,,,,,,,
EC,3,,,,,,,,,0,Th,,0,,,,,,,,iny,AN,68,34,IM,,UD,Suelo Negro Andino,,,,,,,,
EC,4,,,,,,,,,0,Ah,,0,,,,,,,,uht,OR02,114,,IH,,US,,,,,,,,,
EC,5,,,,,,,,,0,Lv,,0,,,,,,,,aur,UD02,114,,IH,,US,,,,,,,,,
EC,6,,,,,,,,,0,Nd,,0,,,,,,,,udb,AA,114,,IH,,PU,Suelo Rojo,,,,,,,,
EC,7,,,,,,,,,0,Af,,0,,,,,,,,uqt,AA,114,,IH,,PU,Suelo aluvial,,,,,,,,
EC,8,,,,,,,,,0,Bh,,0,,,,,,,,ith,AN,84,34,IH,,PU,Suelo Negro Andino,,,,,,,,
EC,9,,,,,,,,,0,To,,0,,,,,,,,iny,EN,10,,IH,,UD,Suelo Mojado,,,,,,,,
EC,10,,,,,,,,,0,Kl,,0,,,,,,,,mdr,AA,96,34,IH,,US,,,,,,,,,
EC,11,,,,,,,,,0,Cl,,0,,,,,,,,mub,PA,14,34,IH,,US,Suelos de chocolate,,,,,,,,
EC,12,,,,,,,,,0,To,DU,0,,,,,,,,ind,EN,86,,IM,,US,Cangahua,,,,,,,,
EC,13,,,,,,,,,0,Tv,,0,,,,,,,,esu,AA,8,34,IT,,US,Suelo Arenoso,,,,,,,,
EC,14,,,,,,,,,0,Vc,,1,,,,,,,,vur,EN,114,,IH,,US,Suelos pesados *,,,,,,,,
EC,15,,,,,,,,,0,Bk,,0,,,,,,,,itu,AA,102,,IH,,US,Suelos de cafetal,,,,,,,,
EC,16,,,,,,,,,0,Jc,,0,,,,,,,,evu,MO,102,,IH,,US,Suelos de banco,,,,,,,,
EC,17,,,,,,,,,0,Gc,,0,,,,,,,,,VE02,114,,IH,,AQ,Suelo de Arrozal,,,,,,,,
EC,18,,,,,,,,,0,Tm,,0,,,,,,,,ine,AA,65,,IM,,US,Suelo negro andino,,,,,,,,
EC,19,,,,,,,,,0,To,,0,,,,,,,,inv,AA,70,,IM,,US,Suelo de duna,,,,,,,,
EC,20,,,,,,,,,0,Tv,,0,,,,,,,,inv,AA,46,,IM,,UD,Suelos cascajozos,,,,,,,,
ES,1,,,,,,LVX,,,0,Lc,,0,ld,ty,,,,,,axa,AA,68,34,TH,,XE,Tierra parda illimerizada,,03/29/95 12:00 AM,,,,,,
ES,2,,,,,,LVX,st,IN,0,Lc,,0,jdf,ty,,,,,,axb,AA,86,34,TH,,XE,Ranja,,03/29/95 12:00 AM,,,,,,
ES,3,,,,,,VRK,st,IN,0,Vc,,0,vcc,ch,,,,,,vxr,AA,114,37,TH,,XE,Vertisuelo topomorfo,,03/13/95 12:00 AM,,,,,,
ES,4,,,,,,LVV,or,,0,Lv,,1,jdg,vr,,,,,,axa,VE02,126,37,TH,,XE,,,10/04/96 12:00 AM,,,,,,
ES,5,,,,,,CLP,,,0,E,MK,0,,,,,,,,iox,PE04,116,38,TH,,XE,,,03/13/95 12:00 AM,,,,,,
ES,6,,,,,,LPE,cc,,0,Be,LI,0,,,,,,,,eox,LI02,68,34,TH,,XE,xeroranker,,05/02/95 12:00 AM,,,,,,
ES,7,,,,,,ARB,,,0,Bk,,0,,,,,,,,iox,RU09,50,34,TH,,XE,,,05/02/95 12:00 AM,,,,,,
ES,8,,,,,,LVX,,,0,Lc,,0,jde,ty,,,,,,axa,,68,26,TH,,XE,,,05/02/95 12:00 AM,,,,,,
ES,9,,,,,,CMX,,,0,Be,,0,,,,,,,,,,50,34,TH,,XE,,,05/02/95 12:00 AM,,,,,,
ES,10,,,,,,,,,0,Ap,,0,,,,,,,,uxb,PL04,64,,TH,,XE,,,,,,,,,
ES,11,,,,,,CLP,,,0,Bk,,0,,,,,,,,iox,CA,114,4,TH,,XE,,,05/02/95 12:00 AM,,,,,,
ES,12,,,,,,VRe,mo,,0,Vc,,0,vc,ty,,,,,,vxr,AA,114,38,TH,,XE,,,05/02/95 12:00 AM,,,,,,
ES,13,,,,,,CLP,,,0,Bk,,0,,,,,,,,iox,CA,68,34,TH,,XE,suelo pardo,,05/02/95 12:00 AM,,,,,,
ES,14,,,,,,,,,0,,,0,,,,,,,,,,,,,,,,,,,,,,,
ES,15,,,,,,LVV,,,0,Lc,,0,jdg,vr,,,,,,axa,,54,34,TH,,XE,,,05/02/95 12:00 AM,,,,,,
ES,16,,,,,,,,,0,E,,0,,,,,,,,mxa,CU,68,35,TH,,XE,,,,,,,,,
ES,17,,,,,,,,,0,Lc,,0,,,,,,,,axa,AA,68,34,TH,,XE,,,,,,,,,
ES,18,,,,,,,,,0,Vc,,0,,,,,,,,vxr,AA,114,37,TH,,XE,,,,,,,,,
ES,19,,,,,,,,,0,Bk,,1,,,,,,,,iox,CA10,80,34,ME,,XE,,,,,,,,,
ES,20,,,,,,CLP,or,,0,Bk,MK,1,,,,,,,,iox,CA10,96,5,ME,,XE,,,08/22/96 12:00 AM,,,,,,
FI,1,GL,so,ha,,,GLe,so,,1,Ge,,1,,,,,,,,eqv,MO,126,34,FR,,AQ,Heavy clay soil,,06/18/03 12:00 AM,OSP,,,,,
FI,2,PZ,et,ha,,,PZb,,,1,Pl,,1,,,,,,,,soa,EN,62,34,FR,,UD,Podzolized soil,,06/18/03 12:00 AM,OSP,,,,,
FI,3,CM,gl,so,sl,,CMg,si,,1,Bg,,1,,,,,,,,ioe,DY02,106,34,FR,,UD,Cultivated soil,,06/18/03 12:00 AM,OSP,,,,,
FI,4,PZ,ha,,,,PZh,,,1,Po,,1,,,,,,,,soc,AA,62,34,FR,non-cemented,UD,Iron Podzol,,06/18/03 12:00 AM,OSP,,,,,
FI,5,FL,tio,,,,FLt,,SA,1,Jt,Z,1,,,,,,,,eqv,SU,106,34,FR,,AQ,Recently reclaimed soil in silty marine deposits,,06/18/03 12:00 AM,OSP,,,,,
FI,6,,,,,,GLD,si,,0,Gd,,1,lag,,,,,,,eqa,MO,106,34,FR,,AQ,,,11/20/96 12:00 AM,,,,,,
FR,2,,,,,,,,,0,,,0,,,,,,,,ioc,AA,,,,,,Sol ocre podzolique,,,,,,,,
FR,3,,,,,,,,,0,Bd,,0,,,,,,,,ioy,UM02,,,,,,Sol Brun acide,,,,,,,,
FR,4,,,,,,,,,0,,,0,,,,,,,,vdl,EN,,,,,,Sol brun vertique,,,,,,,,
FR,5,,,,,,,,,0,Ao,,0,,,,,,,,ada,UL,,,,,,Sol lessivé,,,,,,,,
FR,6,,,,,,,,,0,Lo,,0,,,,,,,,ada,AA,,,,,,Sol brun calcique,,,,,,,,
FR,7,,,,,,,,,0,,,0,,,,,,,,aqo,GL04,,,,,,Sol lessivé à pseudogley,,,,,,,,
FR,8,,,,,,,,,0,Lk,,0,,,,,,,,ada,AA,,,,,,Sol brun lessivé,,,,,,,,
FR,9,,,,,,,,,0,Wd,,0,,,,,,,,uqw,AA,,,,,,Sol podzolique à pseudogley,,,,,,,,
FR,10,,,,,,,,,0,Po,,0,,,,,,,,sha,AA,,,,,,Podzol humo-ferrique,,,,,,,,
FR,11,,,,,,PDG,fr,,0,Dg,X,1,jae,ae04,,,,,,aqf,AE,106,34,ME,,AQ,Sol lessive glossique a fragip,Soil Taxonomy (1975 & 1994): Aeric Umbric Fragiaqualf,10/09/96 12:00 AM,,,,,,
FR,12,LV,sk,ro,,,LVx,rh,,1,Lc,ST,1,jde,cc,,,,,,axr,CA,50,34,TH,,XE,Sol fersialitique lessivé,,12/17/03 12:00 AM,OSP,,,,,
FR,13,CL,len,,,,CLh,,,1,Bk,,1,,,,,,,,iox,CA,126,35,TH,,XE,Sol brun calcaire,,06/20/03 12:00 AM,OSP,,,,,
FR,14,AN,si,um,,,ANu,,,1,Th,,1,,,,,,,,iny,AA,80,24,ME,,UD,,Classification based on data from excursion guide COST Action 622 in Auvergne, 30 May - 3 June 2001,06/24/03 12:00 AM,OSP,,,,
FR,15,AN,si,fu,,,ANh,,,1,To,,1,,,,,,,,iny,AA,114,34,ME,,UD,,,06/24/03 12:00 AM,OSP,,,,,
GA,1,,,,,,,,,0,Fx,,0,,,,,,,,ooa,,114,,IH,,UD,,,,,,,,,
GA,2,,,,,,,,,0,Qf,,0,,,,,,,,esz,,,,IH,,UD,,,,,,,,,
GA,3,,,,,,,,,0,Fh,PE,0,,,,,,,,oom,,,28,IH,,UD,,,,,,,,,
GA,4,,,,,,,,,0,Fx,,0,,,,,,,,ooa,,68,28,IH,,UD,,,,,,,,,
GA,5,,,,,,,,,0,Fx,PE,0,,,,,,,,ooa,,56,28,IH,,UD,,,,,,,,,
GA,6,,,,,,,,,0,Ag,,0,,,,,,,,udt,,,,IH,,UD,,,,,,,,,
GB,1,CM,gln,ca,,,CMg,ca,,1,Bg,,1,kfd,re,,,,,,ioe,RE,126,4,ME,,UD,SSEW: Stagnogleyic brown calcareous earth, intergrading to typical calcareous pelosol. Soil series: Cannamore/Hanslope intergrade,,03/30/04 12:00 AM,OSP,,,,
GB,2,LV,st,ct,,,LVj,,,1,Lo,,1,jej,ty,,,,,,ada,AA,126,27,ME,,UD,SSEW: (Stagnogleyic) argillic brown earth, intergrading to (stagnogleyic) brown calcareous earth. Soil series: Ashley/Cannamore intergrade,,03/30/04 12:00 AM,OSP,,,,
GB,3,LV,gl,st,ab,ct,LVg,ab,,1,Lg,,1,jah,,,,,,,aqo,UD03,126,26,ME,,AQ,SSEW: Typical stagnogley soil, intergrading to cambic stagnogley soil. Soil series: Salop,,03/30/04 12:00 AM,OSP,,,,
GB,4,GL,hu,ca,,,GLe,,,1,Gc,,1,lae,ae,,,,,,eqv,AE,126,35,ME,,AQ,SSEW: Pelo-alluvial gley soil. Soil series: Compton,,03/31/04 12:00 AM,OSP,,,,,
GB,5,CM,dyh,,,,CMd,,,1,Bd,,1,kfe,ty,,,,,,ioy,AA,80,34,ME,,UD,SSEW: Typical brown podzolic soil. Soil series: Meline,,03/31/04 12:00 AM,OSP,,,,,
GB,6,PZ,st,hi,pi,,PZg,hi,PL,1,Pp,PH,1,cad,hi,,,,,,sqp,HI,96,34,ME,,AQ,SSEW: Ironpan stagnopodzol. Soil series: Hiraethog,,04/05/04 12:00 AM,OSP,,,,,
GB,7,GL,his,dyh,,,GLd,hi,,1,Gh,,1,kag,hi,,,,,,iqh,HI,114,34,ME,,AQ,SSEW: Cambic stagnohumic gley soil. Soil series: Ynys.,,04/08/04 12:00 AM,OSP,,,,,
GB,8,PZ,ha,,,,PZh,,,1,Po,,1,cde,en,,,,,,soa,EN,62,46,ME,,UD,SSEW: Humo-ferric podzol. Soil series: Crannymoor,,04/08/04 12:00 AM,OSP,,,,,
GB,9,AR,dy,,,,ARh,,,1,Qc,,0,lcf,ul,,,,,,esd,UL,,46,ME,,UD,SSEW: Typical brown podzolic soil. Soil series: Brownrigg,,04/08/04 12:00 AM,OSP,,,,,
GB,10,AB,st,au,ap,,PDj,dy,,1,Dg,,1,jeg,ga,,,,,,adb,GL02,94,34,ME,,UD,SSEW: Stagnogleyic paleo-argillic brown earth. Soil Series: Berkhamsted.,,04/08/04 12:00 AM,OSP,,,,,
GB,11,LP,hu,ca,,,LPe,ca,,0,E,,1,ic,li,,,,,,mr,LI02,96,35,ME,,,SSEW: Humic rendzina. Soil Series: Icknield,,04/08/04 12:00 AM,OSP,,,,,
GE,1,,,,,,,,,0,,,0,,,,,,,,,,,,,,,,,,,,,,,
GE,2,,,,,,,,,0,,,0,,,,,,,,,,,,,,,,,,,,,,,
GH,1,,,,,,LXH,pa,,0,Lf,,1,jcd,ty,,,,,,aub,OX,96,34,IH,,US,Savannah Ochrosol, Toje Series,,05/31/96 12:00 AM,,,,,
GH,2,,,,,,RGE,es,,0,Re,SO,1,ldc,oy,,,,,,evu,AA,66,34,IH,,US,Regosolic Groundwater Laterite, Doyum Series,,05/31/96 12:00 AM,,,,,
GH,3,,,,,,FRH,ak,,0,Af,,1,eee,ty,,,,,,udb,AA,126,28,IH,,UD,Forest Ochrosol, Kumasi Series,,05/30/96 12:00 AM,,,,,
GH,4,AC,pf,fr,dyh,cr,ACf,ch,PF,1,Af,MS,1,,,,,,,,udb,RH,114,34,IH,,UD,Forest Ochrosol, Bekwai series,,09/22/03 12:00 AM,OSP,,,,
GL,1,AR,dy,,,,ARh,dy,,1,Qc,,1,,,,,,,,imc,PE,62,46,FR,,,,,09/23/03 12:00 AM,OSP,,,,,
GL,2,HS,fi,rh,dy,,HSf,dy,,1,Od,,1,,,,,,,,his,HE,,,FR,,,,,08/31/94 12:00 AM,,,,,,
GL,3,UM,ar,hu,,,ARh,dy,GE,1,Qc,,1,,,,,,,,hac,LI02,,,FR,euic, shallow,,,,,,,,,
GL,4,CR,tu,um,st,,CMi,uh,GE,1,Bx,,1,,,,,,,,imc,RU11,44,34,FR,,,,,09/25/03 12:00 AM,OSP,,,,,
GL,5,AR,dy,,,,ARh,dy,GE,1,Qc,,1,,,,,,,,imc,,,,,,,,,09/25/03 12:00 AM,OSP,,,,,
GL,6,AR,ye,dy,,,ARh,dy,GE,1,Qc,,1,,,,,,,,esc,,,,,,,,,09/25/03 12:00 AM,,,,,,
GR,1,,,,,,,,,0,Vp,,0,,,,,,,,vxl,AA,134,37,ME,,,Grumosol,,,,,,,,
GR,2,,,,,,,,,0,Bd,,0,,,,,,,,ioy,UM02,,,ME,,UD,Acid brown forest soil,,,,,,,,
GR,3,,,,,,LVX,or,,0,Lc,,1,jdg,ty,,,,,,axa,AA,96,34,TH,,XE,Red mediterrenean soil,,08/23/96 12:00 AM,,,,,,
GR,4,,,,,,,,,0,Lc,,0,,,,,,,,axa,AA,,,ME,,XE,Terra Rossa,,,,,,,,
GR,5,,,,,,,,,0,E,,0,,,,,,,,mr,EU02,,,,,,,,,,,,,,
GR,6,,,,,,,,,0,Vc,,0,,,,,,,,vxr,EN,126,37,ME,,XE,Grumusol,,,,,,,,
GR,7,,,,,,,,,0,Hc,,0,,,,,,,,mxk,PA,,,TH,,XE,,,,,,,,,
GR,8,,,,,,,,,0,Be,,0,,,,,,,,ioe,DY02,,,ME,,UD,Brown forest soil,,,,,,,,
GR,9,,,,,,,,,0,Bc,,0,,,,,,,,ioy,AA,,,ME,,UD,Brown forest soil,,,,,,,,
GR,10,,,,,,,,,0,,,0,,,,,,,,,,,,,,,,,,,,,,,
GR,11,,,,,,,,,0,,,0,,,,,,,,,,,,,,,,,,,,,,,
GR,12,,,,,,,,,0,Hh,,0,,,,,,,,mda,LI02,,,ME,,UD,Brown forest soil,,,,,,,,
GR,13,,,,,,,,,0,Lc,,0,,,,,,,,ada,AA,,,,,UD,Grey brown podzolic,,,,,,,,
GR,14,,,,,,,,,0,Lc,,0,,,,,,,,axr,AA,,,ME,,XE,Red Mediterranean soil,,,,,,,,
GR,15,,,,,,,,,0,Jc,,0,,,,,,,,evx,AA,106,35,TH,,XE,as USDA,1975,,,,,,,
HU,1,,,,,,,,,0,,,0,,,,,,,,,,,,,,,Calcareous Blownsand,Very sandy, structureless AC-profile with a very thin A-horizon ì,,,,,,
HU,2,,,,,,,,,0,E,LI,1,,,,,,,,mr,AA,126,35,ME,,UD,Black Rendzina,Medium textured soil with a thick dark gray A-horizon with a ì,,,,,,,
HU,3,,,,,,,,,0,,,0,,,,,,,,,,,,,,,Brown Forest Soil, clay illuv.,Medium textured ABtC-profile with a thick brown A-horizon with ì,,,,,,
HU,4,,,,,,,,,0,,,0,,,,,,,,,,,,,,,Pseudogley,,06/28/94 12:00 AM,,,,,,
HU,5,,,,,,,,,0,,,0,,,,,,,,,,,,,,,Brown Earth/Brown Forest Soil,ABvC-profile with a yellowish brown massive A-horizon. The ì,,,,,,,
HU,6,,,,,,,,,0,,,0,,,,,,,,,,,,,,,Brown Forest Soil,A brown sand soil with a massive A-horizon with low organic ì,,,,,,,
HU,7,,,,,,,,,0,,,0,,,,,,,,,,,,,,,Chernozem - Brown Forest Soil,A medium to light textured ABC-profile with a thick dark gray ì,,,,,,,
HU,8,,,,,,,,,0,,,0,,,,,,,,,,,,,,,Calcareous Chernozem,Medium textured ABC-profile with a thick A-horizon, rich organic ì,,,,,,
HU,9,,,,,,,,,0,,,0,,,,,,,,,,,,,,,Calcareous Lowland Chernozem,,06/28/94 12:00 AM,,,,,,
HU,10,,,,,,,,,0,,,0,,,,,,,,,,,,,,,Calcareous Meadow Chernozem,,06/28/94 12:00 AM,,,,,,
HU,11,,,,,,,,,0,Zg,,0,,,,,,,,iqx,AA,100,,,,,Sodic Solonchak,A sandy, calcareous AC-profile with a high groundwater level. The ì,,,,,,
HU,12,,,,,,,,,0,,,0,,,,,,,,,,,,,,,Sodic Solonchak Solonetz,medium textured ABC-profile. The profile is calcareous, ì,,,,,,
HU,13,,,,,,,,,0,,,0,,,,,,,,,,,,,,,Calcareous Meadow Solonetz,,06/29/94 12:00 AM,,,,,,
HU,14,,,,,,,,,0,So,,0,,,,,,,,adn,AE,126,,,,,Meadow Solonetz,A medium textured ABC-profile with a thin light coloured ì,,,,,,,
HU,15,,,,,,,,,0,,,0,,,,,,,,,,,,,,,Meadow Solonetz - Steppe Form.,,06/29/94 12:00 AM,,,,,,
HU,16,,,,,,,,,0,,,0,,,,,,,,,,,,,,,Solonetz Meadow Soil,,06/29/94 12:00 AM,,,,,,
HU,17,,,,,,,,,0,,,0,,,,,,,,,,,,,,,Meadow Soil,Clayey AC-profile with a very thick dark brown A-horizon with a ì,,,,,,,
HU,18,,,,,,,,,0,,,0,,,,,,,,,,,,,,,Peat bog,,06/29/94 12:00 AM,,,,,,
HU,19,,,,,,,,,0,,,0,,,,,,,,,,,,,,,Peat Bog,,06/29/94 12:00 AM,,,,,,
HU,20,,,,,,,,,0,,,0,,,,,,,,,,,,,,,Calcareous Alluvial Soil,,06/29/94 12:00 AM,,,,,,
ID,1,,,,,,FRH,,,0,Bf,,1,eec,ty,,,,,,ite,AA,134,28,IH,,UD,'Oksisol eutrik (PPT-Bogor ''81)',Deep, very fine, kaolinitic, moderate base saturation. High clay ì,,,,
ID,2,,,,,,CMO,,,0,Bf,,1,,,,,,,,ith,OX,134,24,IH,,UD,'Kambisol oksik (PPT-Bogor ''81)',Deep, very fine, halloysitic, ferralic, low base saturation. High ì,,,
ID,3,,,,,,ANU,,,0,Th,,1,dgf,af,,,,,,,,96,24,IT,,UD,Kambisol distrik (PPT, 1981),Deep, fine loamy, mixed, low base saturation, low bulk density. ì,,
ID,4,,,,,,FRH,,,0,Bf,,1,eee,in,,,,,,ity,OX,134,34,IH,,UD,'Kambisol oksik (PPT-Bogor ''81)',Deep, very fine clayey, mixed, ferralic, low base saturation, low ì,,
ID,5,,,,,,ANG,,,0,Tv,,1,dag,ty,,,,,,,,,34,IM,,PU,Bandahara Blang,Very deep, yellowish brown to light gray loamy soil derived from ì,,,,,,
ID,6,,,,,,GLD,,,0,Gd,,1,,,,,,,,iqc,AA,114,34,IF,,PU,Loser Blang Profile,Moderately deep, white clay derived from clayey marine sediments ì,,,,,,
ID,7,,,,,,ANU,,,0,Th,,1,dge,ty,,,,,,,,,,IT,,PU,Kapi Dataran Tinggi,Moderately deep, dark brown to yellow clay loam derived from ì,,,,,,
ID,8,,,,,,ANG,,,0,Bd,,1,dgf,aq,,,,,,,,114,34,IT,,PU,Kapi profile,Moderately deep, strong brown clay loam derived from andesitic ì,,,,,,
ID,9,,,,,,ACH,,,0,Af,,1,dgf,ty,,,,,,,,96,34,IH,,PU,Ketambe profile,Moderately deep, yellowish brown to brownish yellow sandy clay ì,,,,,,
ID,10,,,,,,RGD,,,0,Bd,,1,,,,,,,,ity,AA,96,34,IM,,PU,Kemiri Blang Profile,Very deep, loamy profile, derived from marine sediments overlain ì,,,,,
ID,11,,,,,,ANU,,,0,Th,,1,dge,th,,,,,,iny,HY,19,,IT,,UD,,Very deep, well drained, porous, silty loam soil formed in ì,,,,
ID,12,,,,,,ACH,,,0,Af,,1,eee,ty,,,,,,udb,AA,134,28,IH,,UD,,Very deep, well drained, yellowish brown clay soil, with a thin ì,,,,
ID,13,,,,,,PHH,,,0,Hh,,1,igf,cu,,,,,,mua,UD02,114,,IH,,US,'Kambisol mollic (PPT-Bogor''81)',Deep, clayey, high base saturation, slightly smectitic in upper ì,,,,
ID,14,,,,,,CME,,,0,Be,,1,,,,,,,,,,96,28,IT,,UD,'Kambisol eutrik (PPT-Bogor''81)',Deep, fine loamy, kaolinitic, moderately high base saturation.,,,,
ID,15,,,,,,FRX,,,0,Fx,,1,eee,xa,,,,,,ooa,TR02,126,28,IH,,,,Very deep, well drained, strongly acid, bright brown, sandy clay ì,,,
ID,16,,,,,,RGE,,,0,Re,,1,,,,,,,,,,,,,,,,Deep, somewhat excessive drained soil with yellowish brown ì,,,,,,
ID,17,,,,,,CME,,,0,To,,1,,,,,,,,,,,,,,,,Deep, well drained, brown soil. The soil consists of a clay soil ì,,,,,
ID,18,,,,,,ANU,,,0,Th,,1,dgc,ty,,,,,,,,26,34,IT,,UD,Andosol humik (PPT-Bogor 1981),Deep, thixotropic, mixed, moderate base saturation. Umbric ì,,,,
ID,19,,,,,,FRX,,,0,Fx,,1,ede,an,,,,,,,,102,34,IH,,PU,Latosol oksik (PPT-Bogor 1981),A very dark brown to yellowish brown, organic-rich, sandy clay ì,,,,,
ID,20,,,,,,CMO,,,0,Fx,,1,,,,,,,,,,,,,,US,,A very dark greyish brown, 5 cm thick, clay loam surface horizon, ì,,,,
ID,21,,,,,,FRU,,,0,Th,,1,,,,,,,,,,86,34,IH,,PU,'Latosol umbrik (PPT-Bogor ''81)',A very dark gray, sandy clay loam surface horizon with high ì,,,,,,
ID,22,,,,,,FRH,,,0,Fo,,1,eee,ty,,,,,,,,134,28,IH,,PU,oksisol humik (PPT-Bogor 1981),A dark greyish brown slightly gravelly clay surface horizon with ì,,,,,,,
ID,23,,,,,,ANZ,,,0,Tv,,1,deb,th,,,,,,,,10,,IH,,,,A very dark brown smeary sandy loam surface horizon, overlying a ì,,,,,,
ID,24,,,,,,ANH,,,0,Tm,,1,dgf,ty,,,,,,,,14,24,IH,,UD,'Andosol mollik (PPT-Bogor ''81)',Very deep, young volcanic, medial over clayey, halloysitic, ì,,,
ID,25,,,,,,VRe,,,0,Vp,,1,vee,,,,,,,,,134,38,IH,,AR,'Grumosol pellik (PPT-Bogor''81)',Deep, very fine, smectitic, slightly alkaline, distinct vertic ì,,,
ID,26,,,,,,CME,,,0,Be,,1,,,,,,,,,,96,34,IH,,UD,'Kambisol eutrik (PPT-Bogor''81)',Deep, young volcanic, fine loamy, mixed, moderate base ì,,,
ID,27,,,,,,ANH,,,0,Th,,1,dgf,au,,,,,,iny,EN,10,,IT,,UD,Podsolik coklat,Moderately deep, well drained, yellowish brown loam. Very dark ì,,,,,
ID,28,,,,,,FRX,,,0,Bd,,1,hcc,ty,,,,,,ity,OX,114,,IT,,UD,Podsolik Coklat Kekuningan,Deep, well drained, yellowish brown sandy clay.,06/23/94 12:00 AM,,,,
ID,29,,,,,,ANH,,,0,Th,,1,dgf,ad04,,,,,,iny,HY,10,,IH,,UD,Podsolik Coklat,Deep, well drained, dark yellowish brown, clay loam. Very dark ì,,,,
ID,32,,,,,,FRX,,,0,Fx,,1,eee,in,,,,,,udb,AA,126,28,IH,,UD,Oxisol Haplik,Very deep, well drained, brownish yellow clay. Well structured ì,,,,,
ID,33,,,,,,FRX,,,0,Fo,,1,eee,xa,,,,,,ooa,AA,134,28,IH,,UD,Oxisol haplik,Very deep, well drained, strong brown clay. Well structured and ì,,,,,
ID,34,,,,,,FRX,,,0,Fx,,1,eee,hm,,,,,,ooa,AA,134,28,IH,,UD,Oxisol Haplik,Very deep, well drained, strong brown clay. Well structured and ì,,,,,
ID,35,,,,,,FRX,,,0,Fx,,1,eee,ty,,,,,,ooa,AA,134,28,IH,,UD,Oksisol Haplik,Very deep, well drained, dark yellowish brown clay. Well ì,,,,,
ID,36,,,,,,ANU,,,0,Th,,1,dgf,ty,,,,,,iny,AA,10,,IH,,UD,Andosol Distrik,,06/23/94 12:00 AM,,,,,,
ID,37,,,,,,PHL,,,0,Ne,,1,igd,pa,,,,,,adb,AA,134,34,IH,,UD,Mediteran,,06/23/94 12:00 AM,,,,,,
ID,38,,,,,,ACG,,,0,,,1,,,,,,,,udf,AA,,,,,,Podsolik Haplik,Very deep, well drained, clayey soil. Colours varying from very ì,,,,,
ID,39,,,,,,PZG,,,0,,,1,,,,,,,,sqp,,,,,,,Podsol,Moderately deep, poorly drained, dark brown sandy soil with a ì,,,,,
ID,40,,,,,,,,,0,Bc,,1,,,,,,,,,,,,,,,,Deep, poorly drained, black silty clay loam derived from peat, ì,,,,
ID,41,,,,,,CMO,,,0,Bf,,1,,,,,,,,ity,OX,,,,,,Kambisol Oksik,Very deep, yellowish brown loamy soil, overlain by dark brown ì,,,,,
ID,42,,,,,,GLT,,,0,Ge,,1,kaa,,,,,,,iqs,,,,,,,Gleysol Thionik,Deep, very poorly drained, gray silty clay of marine origin under ì,,,,,
ID,43,,,,,,RGD,,,0,,,1,,,,,,,,,,,,IH,,UD,,Deep, somewhat excessively drained, brownish yellow coarse sand, ì,,,,
ID,44,,,,,,CMO,,,0,,,1,,,,,,,,,,,,,,,,Deep, well drained, reddish brown silty clay loam, overlain by a ì,,,,
ID,45,,,,,,CMO,,,0,,,1,,,,,,,,,,,,,,,,Moderately deep, well drained, brown loam with a dark brown silt ì,,,,,
ID,46,,,,,,CMD,,,0,,,1,,,,,,,,,,,,,,,,Deep, well drained, red silt loam, overlain by a very dark ì,,,,
ID,47,,,,,,ACH,,,0,,,1,,,,,,,,,,,,,,,,Deep, well drained, reddish yellow sandy clay, with a brownish ì,,,,
ID,48,,,,,,ACG,,,0,,,1,,,,,,,,,,96,34,IH,,,,Very deep, imperfectly drained, brownish yellow clayey soil with ì,,,,,
IE,1,PZ,ha,,,,PZh,,,1,Po,,1,cde,ty,,,,,,soa,AA,62,34,ME,,UD,Brown Podzol, Screen Series,,10/24/03 12:00 AM,OSP,,,,
IE,2,PZ,ha,,,,PZh,lu,,1,Po,,1,cde,ul,,,,,,soa,UL,62,34,ME,,UD,Podzolised gray-brown podzolic soil,,10/24/03 12:00 AM,OSP,,,,,
IE,6,LV,ab,ct,dy,,ALh,,,1,Ao,,1,,,,,,,,ada,AA,68,34,ME,,UD,Grey-brown podzolic soil, Mortarstown Series,,10/29/03 12:00 AM,OSP,,,,
IE,7,LV,ab,ct,dye,,LVa,,,1,La,,1,,,,,,,,ada,AA,68,34,ME,,UD,Gray-brown podzolic soil, Kellistown Series,,10/30/03 12:00 AM,OSP,,,,
IE,9,PZ,pi,,,,PZH,pl,,1,Pp,,1,cda,ty,,,,,,shp,AA,62,34,ME,,UD,Peaty iron-pan podzol,A topsoil, rich in organic matter, overlies a well-developed ì,,,,,
IE,10,PH,sl,,,,PHh,si,,1,Hh,,1,,,,,,,,,,,,,,,Brown earth,,10/30/03 12:00 AM,OSP,,,,,
IE,11,LV,gl,ab,dye,,LVg,ab,,1,Lg,,1,,,,,,,,aqo,AE,126,34,ME,,,Podzolic Gley, Howardstown Series,,10/30/03 12:00 AM,OSP,,,,
IE,12,GL,his,dy,,,GLu,si,,1,Gh,,1,,,,,,,,iqh,HI,96,34,ME,,AQ,Gley, Abbeyfeale Series,,10/31/03 12:00 AM,OSP,,,,
IN,1,,,,,,CMC,fl,,0,Be,,1,,,,,,,,iou,AA,106,34,HT,,US,Juglaon sandy loam,,03/09/95 12:00 AM,,,,,,
IN,2,,,,,,CME,fl,,0,Be,,1,,,,,,,,iou,UD02,106,34,HT,,US,Jamuna loam,The ochric A horizon (FAO, 1988) / ochric epipedon has been ì,,,,,,
IN,3,,,,,,ACH,or,,0,Af,,1,hdf,kh,,,,,,uua,OX,96,34,HT,,US,Beldanga sandy loam,,03/09/95 12:00 AM,,,,,,
IN,4,,,,,,SCG,so,IN,0,Zg,SO,1,kac,ty,,,,,,iqa,AA,106,34,HT,,AQ,Canning silty loam,,03/09/95 12:00 AM,,,,,,
IN,5,,,,,,CMD,or,,0,Bd,,1,,,,,,,,ioy,AA,106,34,TH,,UD,Brown hill soil,,03/09/95 12:00 AM,,,,,,
IN,6,,,,,,LVX,pa,,0,Ne,,1,jcf,ty,,,,,,aub,UD02,126,28,IH,,US,Dyavapatna sandy clay loam,,03/09/95 12:00 AM,,,,,,
IN,7,,,,,,LVX,pa,,0,Ne,,1,jcf,rh,,,,,,aub,UD02,126,34,IH,,US,Channasandra sandy clay loam,,03/09/95 12:00 AM,,,,,,
IN,8,,,,,,VRK,or,GI,0,Vc,,1,ved,ud,,,,,,vur,UD02,126,37,IH,,US,Deep black soil,,03/09/95 12:00 AM,,,,,,
IN,9,,,,,,LXF,pa,,0,Lf,,1,jcf,ka,,,,,,aub,OX,126,28,IH,,US,Hoskote sandy clay loam,,02/18/96 12:00 AM,,,,,,
IN,10,,,,,,VRK,pe,,0,Vp,,1,vee,ud,,,,,,vul,UD02,124,37,IH,,US,Saongi clay,,03/09/95 12:00 AM,,,,,,
IN,11,,,,,,CLH,so,,0,Xk,SO,1,,,,,,,,dok,AA,96,5,IH,,AR,Itigi clay loam,,08/16/96 12:00 AM,,,,,,
IN,12,,,,,,VRK,or,GI,0,Vc,,1,ved,ud,,,,,,vur,UD02,126,37,IH,,US,Medium black soil,,02/26/96 12:00 AM,,,,,,
IT,1,,,,,,,,,0,Bd,,0,,,,,,,,io,,68,,ME,,XE,Brown soil,,,,,,,,
IT,2,,,,,,,,,0,Ao,,0,,,,,,,,aur,UL,,,ME,,XE,Reddish brown soil,,,,,,,,
IT,3,,,,,,,,,0,,,0,,,,,,,,,,114,,ME,,XE,,,,,,,,,
IT,4,,,,,,,,,0,Lc,,0,,,,,,,,axr,,114,28,ME,,XE,Reddish-brown soil,,,,,,,,
IT,5,,,,,,,,,0,,,0,,,,,,,,,TH04,80,,ME,,XE,,,,,,,,,
IT,6,,,,,,,,,0,Hl,,0,,,,,,,,mxr,CU,114,,ME,,XE,Red mediterranean soil,,,,,,,,
IT,7,,,,,,,,,0,Hh,,0,,,,,,,,mxa,CU,114,,ME,,XE,Brown soil,,,,,,,,
IT,8,,,,,,,,,0,Lc,,0,,,,,,,,axr,UL,114,28,ME,,XE,'Reddish-brown soil(Mancini''66)',,,,,,,,
IT,9,,,,,,LVX,or,,0,Lc,,1,jdg,ul,,,,,,axa,AA,134,34,TH,,XE,Suolo rosso mediterranneo,,01/22/97 12:00 AM,,,,,,
IT,10,,,,,,CMX,fl,IN,0,Bc,,1,,,,,,,,iox,FL06,134,35,TH,,XE,Suolo rosso mediterraneo,,01/22/97 12:00 AM,,,,,,
IT,11,,,,,,VRe,or,,0,Vc,,1,vcc,ch,,,,,,vxr,PA10,126,34,TH,,XE,Vertisuolo,,01/24/97 12:00 AM,,,,,,
IT,12,,,,,,CMX,fl,,0,Bc,,1,,,,,,,,iox,FL06,134,35,TH,,XE,Suolo rosso mediterraneo,,01/24/97 12:00 AM,,,,,,
IT,13,,,,,,VRe,et,,0,Vc,,1,vcc,aq,,,,,,vxr,AQ06,134,34,TH,,XE,Vertisuolo,,01/22/97 12:00 AM,,,,,,
IT,14,,,,,,NTH,dy,,0,Nd,,1,hea,ty,,,,,,uxb,,114,34,TH,,XE,Suolo rosso mediterraneo,FAO 1988, 1994: Dystri-Haplic Nitisol ((Endovertic),01/22/97 12:00 AM,,,,,
IT,15,,,,,,LVV,ch,RU,0,Lc,,1,jdg,mo,,,,,,axr,AA,134,34,TH,,XE,Suolo rosso mediterraneo,,01/22/97 12:00 AM,,,,,,
IT,16,,,,,,ANZ,uh,,0,Th,,1,dgf,ad,,,,,,iny,AA,,34,ME,,UD,Andosuolo,,01/22/97 12:00 AM,,,,,,
IT,17,,,,,,CLH,ve,PH,0,Bk,PH,1,,,,,,,,iox,CA10,106,35,TH,,XE,Suolo bruno calcareo,,06/19/96 12:00 AM,,,,,,
JM,1,,,,,,ACU,,,0,Ah,,1,hbe,ty,,,,,,uhb,OR02,114,34,IH,,UD,Brunt Ground series,,06/28/94 12:00 AM,,,,,,
JM,2,,,,,,,,,0,Ne,,1,,,,,,,,adt,UL,134,34,IH,,UD,Copse Series,,,,,,,,
JM,3,,,,,,,,,0,Fa,,0,,,,,,,,ook,HA02,114,18,IH,,UD,St Annne clay loam,,,,,,,,
JM,4,,,,,,,,,0,Af,,0,,,,,,,,udb,AA,114,28,IH,,UD,Worthy Park series,,,,,,,,
JM,5,CM,hu,dy,,,CMu,dy,,1,Bh,,1,kfe,ty,,,,,,ioy,AA,80,34,ME,,UD,,,01/07/04 12:00 AM,OSP,,,,,
JM,6,CM,hu,dy,,,CMu,dy,,1,Bh,,1,kfe,ty,,,,,,ioy,AA,80,34,ME,,UD,,,01/07/04 12:00 AM,OSP,,,,,
JM,7,HS,fo,om,dy,,HSl,dy,,1,Od,,1,bad,ty,,,,,,hlt,AA,,,,,,,,01/07/04 12:00 AM,OSP,,,,,
JM,8,HS,fo,om,dy,,HSl,dy,,1,Od,,1,bad,ty,,,,,,hlt,AA,,,,,,,,01/07/04 12:00 AM,OSP,,,,,
JP,1,,,,,,,,,0,Gd,,0,,,,,,,,iqa,AA,126,,,,,Gleyed Ando Soil,Deep, well drained profile. Remarkably clear in eluviation and ì,,,,,,
JP,2,,,,,,ANU,,,0,Th,,0,,,,,,,,iny,AA,80,34,ME,,,Ando Soil,Thick very dark brown clay loam surface horizon with a high ì,,,,,,,
JP,3,,,,,,,,,0,Ge,,0,,,,,,,,evd,AQ06,,,,,,Brown Lowland Paddy Soil,Deep, well drained, brown profile. Strikingly clear in eluviation ì,,,,,
JP,4,,,,,,,,,0,Jd,,0,,,,,,,,evd,AA,,,,,,Brown Lowland Soil,A deep, well drained and brown profile. The whole profile is fine ì,,,,,,
KE,1,,,,,,NTR,dy,,1,Ah,,1,jcf,rh,,,,,,aub,RH,114,28,IH,,US,,FAO-Unesco (1974): ferric properties (CEC < 24 meq/100 g clay) ì,,,,,,,
KE,2,,,,,,ANM,,,0,Tm,,0,dgf,ty,,,,,,ine,AA,,,,,UD,,,10/20/99 12:00 AM,,,,,,
KE,3,,,,,,PLE,,SO,0,Ws,,0,jah,,,,,,,aqw,MO,,,,,AQ,,,10/20/99 12:00 AM,,,,,,
KE,4,,,,,,RGE,,,0,Rd,,0,,,,,,,,eou,AA,,,,,US,,,10/20/99 12:00 AM,,,,,,
KE,5,,,,,,CMD,,,0,Th,,0,,,,,,,,iny,HY,,,,,UD,,,10/20/99 12:00 AM,,,,,,
KE,6,,,,,,FRR,,,0,Fr,,0,,,,,,,,oue,,114,28,TH,,US,,,10/20/99 12:00 AM,,,,,,
KE,7,,,,,,CMO,,,0,Fh,,0,,,,,,,,oha,AA,114,28,TH,,US,,,10/20/99 12:00 AM,,,,,,
KE,8,AC,pf,ro,,,ACh,,,1,Nd,,1,hdc,rh,,,,,,uur,AA,126,34,IH,,US,,,01/08/04 12:00 AM,OSP,,,,,
KE,9,FR,ro,,,,FRr,eu,,1,Fr,,1,ecc,rh,,,,,,oue,RH,114,28,IH,,US,,,01/08/04 12:00 AM,OSP,,,,,
KE,10,,,,,,SNH,,,0,Ws,,0,jcc,ty,,,,,,aun,AA,,,,,US,,,10/20/99 12:00 AM,,,,,,
KE,11,,,,,,FRR,,,0,Fr,,0,jcd,rh,,,,,,oua,UL,68,28,IH,,US,,,10/20/99 12:00 AM,,,,,,
KE,12,,,,,,ACH,,,0,Ao,,0,jcd,ty,,,,,,aub,OX,,,,,US,,,10/20/99 12:00 AM,,,,,,
KE,13,,,,,,SNJ,,,0,Ws,,0,jcc,ar,,,,,,aun,AR,,,,,US,,,10/20/99 12:00 AM,,,,,,
KE,14,,,,,,PHL,ca,,0,Hl,,0,ife,ty,,,,,,mur,AA,,,,,US,,,10/20/99 12:00 AM,,,,,,
KE,15,,,,,,NTR,,,0,Nh,,0,jcf,rh,,,,,,aub,RH,114,28,IT,,US,,,10/21/99 12:00 AM,,,,,,
KE,16,,,,,,NTR,,,0,Nh,,0,jcd,rh,,,,,,aub,OX,,,IT,,US,,,10/21/99 12:00 AM,,,,,,
KE,17,,,,,,CME,vm,,0,Be,,1,,,,,,,,iou,FL06,126,34,IH,,US,,,10/21/99 12:00 AM,,,,,,
KE,18,,,,,,PLE,lu,SO,0,We,SO,1,jah,ty,,,,,,aqt,AB,126,34,IH,,AQ,,,10/21/99 12:00 AM,,,,,,
KE,19,,,,,,PLD,al,SO,0,Ws,,1,jah,ty,,,,,,aqt,AB,134,34,IH,,AQ,,,10/21/99 12:00 AM,,,,,,
KE,20,,,,,,,,,0,Wd,,0,,,,,,,,aqt,,,,,,,,,,,,,,,
KE,21,,,,,,SCN,ty,,0,Zt,,0,,,,,,,,dos,AA,,,,,AR,,,10/21/99 12:00 AM,,,,,,
KE,22,,,,,,SNH,,,0,So,,0,feb,hp,,,,,,drn,AA,,,,,AR,,,10/21/99 12:00 AM,,,,,,
KE,23,,,,,,LVH,,,0,Xl,,0,fef,ty,,,,,,dra,AA,,,,,AR,,,10/21/99 12:00 AM,,,,,,
KE,24,,,,,,RGE,,,0,Re,,0,leb,ty,,,,,,eop,AA,,,IH,,AR,,,10/21/99 12:00 AM,,,,,,
KE,25,,,,,,PLE,,,0,We,,0,jah,ty,,,,,,aqw,AA,,,,,UD,,,10/21/99 12:00 AM,,,,,,
KE,26,,,,,,NTU,,,0,Nh,,0,,,,,,,,uhb,,,28,,,UD,Magombo series,,10/21/99 12:00 AM,,,,,,
KE,27,,,,,,CME,,,0,Be,,0,,,,,,,,ite,AN,,,,,UD,,,10/21/99 12:00 AM,,,,,,
KE,28,,,,,,LXH,,,0,Lc,,0,jch,ul,,,,,,uub,RH,,,,,US,,,10/21/99 12:00 AM,,,,,,
KE,29,,,,,,FRR,,,0,Fr,,0,ece,rh,,,,,,oua,AA,,,IH,,US,,,10/21/99 12:00 AM,,,,,,
KE,30,,,,,,LXH,,,0,Lf,,0,jcf,ox,,,,,,aub,RH,,,IH,,US,,,10/21/99 12:00 AM,,,,,,
KE,31,,,,,,LVH,,,0,Lf,,0,jcd,rh,,,,,,aub,OX,,,,,US,,,10/21/99 12:00 AM,,,,,,
KE,32,,,,,,VRK,,SO,0,Vc,,0,vee,ud,,,,,,vur,UD02,,,,,US,,,10/21/99 12:00 AM,,,,,,
KE,33,,,,,,SNJ,,,0,Ws,,0,jcc,ty,,,,,,aun,AA,,,,,US,,,10/21/99 12:00 AM,,,,,,
KE,34,,,,,,ANU,,,0,Th,,0,dge,au,,,,,,iny,AA,114,34,IM,,UD,,,10/21/99 12:00 AM,,,,,,
KE,35,,,,,,ANH,,,0,To,,0,dfb,ty,,,,,,ine,EN,80,,IT,,US,,,10/21/99 12:00 AM,,,,,,
KE,36,AN,vi,mo,du,ca,ANz,mo,,1,Tm,,1,dea,mo,,,,,,inv,MO,96,35,IH,,US,,,01/08/04 12:00 AM,OSP,,,,,
KE,37,,,,,,ANM,,,0,Tm,,0,dgc,ty,,,,,,ine,UD02,,,,,UD,,,10/21/99 12:00 AM,,,,,,
KE,38,,,,,,ANU,,,0,Th,,1,dge,ty,,,,,,iny,OX,22,,IM,,UD,,,10/21/99 12:00 AM,,,,,,
KE,39,,,,,,,,,0,Bh,,0,,,,,,,,ity,AA,,,IT,,UD,,,10/21/99 12:00 AM,,,,,,
KE,40,,,,,,FRU,,,0,Fh,,0,eee,hm,,,,,,oha,AA,114,,IT,,UD,,,10/21/99 12:00 AM,,,,,,
KE,41,,,,,,ACH,,PH,0,Ah,,0,hbe,ty,,,,,,uhb,OR02,134,,IT,,UD,,,05/23/00 12:00 AM,,,,,,
KE,42,,,,,,ACH,,,0,,,1,hbf,ty,,,,,,,,115,,IT,,UD,,,03/02/95 12:00 AM,,,,,,
KE,43,,,,,,,,,0,Bg,,0,,,,,,,,ith,0X,134,,IT,,US,,,,,,,,,
KE,44,,,,,,PHL,,,0,Hl,,0,igd,pa,,,,,,mdr,OX,134,,IT,,UD,,,10/21/99 12:00 AM,,,,,,
KE,45,,,,,,FRR,,,0,Fr,,0,ecc,rh,,,,,,ooe,HA02,134,,IT,,US,,,10/21/99 12:00 AM,,,,,,
KE,46,,,,,,CMO,,PH,0,Fh,,0,,,,,,,,ith,US04,134,,IT,,US,,,10/21/99 12:00 AM,,,,,,
KE,47,,,,,,LXH,,,0,Ah,,1,jcd,ud,,,,,,,,134,,IT,,US,,,10/21/99 12:00 AM,,,,,,
KE,48,,,,,,FRH,,,0,Fo,,0,ece,in,,,,,,oua,TR02,,,IT,,US,,,10/21/99 12:00 AM,,,,,,
KE,49,,,,,,CMG,,,0,Bg,,0,,,,,,,,itu,AQ06,134,,IT,,US,,,10/21/99 12:00 AM,,,,,,
KE,50,,,,,,CMX,,,0,Bc,,0,,,,,,,,itu,AA,114,,IH,,US,,,10/22/99 12:00 AM,,,,,,
KE,51,,,,,,LXH,,,0,,,1,jcg,kh,,,,,,,,,,IH,,US,,,10/22/99 12:00 AM,,,,,,
KE,52,,,,,,CMC,,,0,Lk,,0,,,,,,,,aua,AR34,102,,IH,,US,,,10/22/99 12:00 AM,,,,,,
KE,53,,,,,,LXH,,,0,Lc,,0,jej,ud,,,,,,aur,UD02,114,,IH,,US,,,10/22/99 12:00 AM,,,,,,
KE,54,,,,,,,,,0,Lc,,0,,,,,,,,aur,UD02,114,,IH,,US,,,,,,,,,
KE,55,,,,,,LVX,,,0,Bc,,0,jch,ty,,,,,,itu,AA,114,,IT,,US,,,10/22/99 12:00 AM,,,,,,
KE,56,,,,,,CMV,,,0,Vc,,0,,,,,,,,vur,AA,114,,IH,,US,,,10/22/99 12:00 AM,,,,,,
KE,57,,,,,,,,,0,Lc,MK,0,,,,,,,,aur,AA,114,,IH,,US,,,10/22/99 12:00 AM,,,,,,
KE,58,,,,,,ALH,,,0,Fr,,0,jcg,ud,,,,,,oua,TR02,102,,IH,,US,,,10/22/99 12:00 AM,,,,,,
KE,59,,,,,,LXH,,,0,Ao,,0,fef,ty,,,,,,dra,AA,96,,IH,,AR,,,10/22/99 12:00 AM,,,,,,
KE,60,,,,,,CMC,,,0,So,,0,f,,,,,,,drn,AA,114,,IH,,AR,,,10/22/99 12:00 AM,,,,,,
KE,61,,,,,,ARL,,,0,Ao,,0,,,,,,,,dra,AA,,,IH,,AR,Chromic Acrisol,,10/22/99 12:00 AM,,,,,,
KE,62,,,,,,FLE,,,0,Jc,,0,lcb,ty,,,,,,evp,AA,62,,IH,,AR,,,10/22/99 12:00 AM,,,,,,
KE,63,,,,,,SCN,,,0,So,,0,f,,,,,,,drn,HA02,,,IH,,AR,,,10/22/99 12:00 AM,,,,,,
KE,64,,,,,,SNK,,,0,Ws,,0,feb,ty,,,,,,drn,AQ06,,,IH,,AR,,,10/22/99 12:00 AM,,,,,,
KE,65,,,,,,PLE,,,0,We,,0,jah,um,,,,,,mwr,,68,,IT,,US,,,10/22/99 12:00 AM,,,,,,
KE,66,,,,,,VRe,,RU,0,Vp,,0,vee,le,,,,,,vul,AA,114,,IT,,US,,,10/22/99 12:00 AM,,,,,,
KE,67,,,,,,PHL,,SO,0,Hl,,0,ife,vr,,,,,,mur,VE02,114,,IT,,US,Verti-luvic phaeozem,,10/22/99 12:00 AM,,,,,,
KE,68,,,,,,LVX,,,0,Lp,,0,jcg,ty,,,,,,aul,,114,,IT,,US,,,10/22/99 12:00 AM,,,,,,
KE,69,,,,,,LPK,,,0,E,LI,0,ifg,li,,,,,,mr,,,,IT,,US,,,10/22/99 12:00 AM,,,,,,
KE,70,,,,,,VRe,,,0,Vc,,0,vee,ty,,,,,,vur,,134,,IT,,US,,,10/22/99 12:00 AM,,,,,,
KE,71,,,,,,,,,0,Lc,,0,,,,,,,,aur,UD02,114,,IH,,US,,,,,,,,,
LK,1,,,,,,,,,0,Gd,,0,,,,,,,,iqt,VE02,,,IH,,AQ,,,,,,,,,
LK,2,,,,,,,,,0,Lc,,0,,,,,,,,,,114,34,IH,,US,Reddish Brown Earths,,,,,,,,
LK,3,,,,,,,,,0,Gd,,0,,,,,,,,iqt,AE,68,34,IH,,AQ,,,,,,,,,
LK,4,,,,,,,,,0,,,0,,,,,,,,,,114,46,IT,,UD,,,,,,,,,
ML,1,,,,,,,,,0,Af,,0,,,,,,,,uua,OX,114,,IH,,US,Sol ferrugineux *,,,,,,,,
ML,2,,,,,,,,,0,Vc,,0,,,,,,,,vur,EN,114,,TH,,AR,Moursi,,,,,,,,
ML,3,,,,,,,,,0,Xl,,0,,,,,,,,dra,US,68,,HT,,AR,Sols brun-rouges *,,,,,,,,
ML,4,,,,,,,,,0,Xh,,0,,,,,,,,drn,AA,114,,HT,,AR,Sols sodiques,,,,,,,,
ML,5,,,,,,RGC,or,SO,0,Rc,SO,1,ldd,ty,,,,,,evp,AA,106,35,HT,,AR,Lacs desseches *,,07/26/96 12:00 AM,,,,,,
ML,6,,,,,,ARH,fa,YR,0,Qc,,1,lcb,us,,,,,,esp,US04,62,34,HT,,AR,Sols mineraux bruts*,,07/24/96 12:00 AM,,,,,,
ML,7,,,,,,,,,0,,,0,,,,,,,,,,,,,,,,,,,,,,,
ML,8,,,,,,,,,0,,,0,,,,,,,,,,,,,,,,,,,,,,,
MY,1,,,,,,,,,0,Fo,,0,,,,,,,,ooa,AA,114,28,IH,,UD,Prang series,,,,,,,,
MY,2,,,,,,ACF,,,0,Af,,0,,,,,,,,udb,AA,115,28,IH,,UD,Bungor (2),A fine clayey, well drained soil, derived from slightly ì,,,,,
MY,3,,,,,,ACH,hu,,0,Fh,,1,edb,hm,,,,,,ook,HA02,114,40,IH,,PU,Kuantan Series,,01/10/97 12:00 AM,,,,,,
MY,4,,,,,,ACF,,,0,Af,,0,,,,,,,,udb,AA,96,46,IH,,UD,Rengam (2) (now Beserah),,05/31/95 12:00 AM,,,,,,
MY,5,,,,,,,,,0,Fr,,0,,,,,,,,ooa,AA,114,28,IH,,UD,Segamat series,,,,,,,,
MY,6,,,,,,,,,0,Af,,0,,,,,,,,udb,AA,114,46,IH,,UD,Serdang series,,,,,,,,
MY,7,,,,,,,,,0,Fa,,0,,,,,,,,ook,HA02,114,40,IH,,UD,Sungai mas series,,,,,,,,
MY,51,,,,,,,,,0,Ph,,0,,,,,,,,sqt,AA,62,46,HT,,PU,Miri series,,,,,,,,
MY,52,,,,,,,,,0,Ph,,0,,,,,,,,sqt,AA,62,46,HT,,PE,Kilong series,,,,,,,,
MY,53,,,,,,,,,0,Ph,,0,,,,,,,,sqt,AA,62,46,HT,,PE,Pueh series,,,,,,,,
MY,54,,,,,,,,,0,Jd,,0,,,,,,,,est,AA,62,46,HT,,PE,Sematan series,,,,,,,,
MY,55,,,,,,,,,0,J,,0,,,,,,,,est,AA,62,46,HT,,PE,Siru series,,,,,,,,
MY,56,,,,,,,,,0,Fo,,0,,,,,,,,ooa,TR02,114,40,IH,,PE,Tarat series,,,,,,,,
MY,57,,,,,,,,,0,Fx,,0,,,,,,,,ooa,AA,,28,IH,,PE,Gading series,,,,,,,,
MY,58,,,,,,,,,0,Bd,,0,,,,,,,,ity,AA,,28,IH,,PE,Stass series,,,,,,,,
MY,59,,,,,,,,,0,Bg,,0,,,,,,,,ity,AQ06,126,34,IH,,PE,Semongok series,,,,,,,,
MY,60,,,,,,,,,0,Bf,,0,,,,,,,,ity,OX,,,IH,,PE,Kerait series,,,,,,,,
MY,61,,,,,,,,,0,Qc,,0,,,,,,,,est,AQ06,62,34,IH,,PE,Rambungan series,,,,,,,,
MZ,1,,,,,,,,,0,Af,,1,,,,,,,,aub,OX,115,28,TH,,US,,,,,,,,,
MZ,2,,,,,,,,,0,Fr,,0,,,,,,,,oua,TR02,114,28,TH,,US,Chicunja,,,,,,,,
MZ,3,,,,,,,,,0,Nd,,1,,,,,,,,uub,AA,114,28,TH,,US,Chicunja,,,,,,,,
MZ,4,,,,,,,,,0,Af,,1,,,,,,,,aub,OX,115,28,IH,,US,Ithaya Yoquilla,,,,,,,,
MZ,5,,,,,,,,,0,Hl,,1,,,,,,,,mur,UD02,115,28,TH,,US,,,,,,,,,
MZ,6,,,,,,,,,0,Af,,1,,,,,,,,aub,OX,64,28,HT,,US,,,,,,,,,
MZ,7,,,,,,,,,0,,,0,,,,,,,,,,,,,,,,,,,,,,,
MZ,8,,,,,,,,,0,,,0,,,,,,,,,,,,,,,,,,,,,,,
MZ,9,,,,,,,,,0,,,0,,,,,,,,,,,,,,,,,,,,,,,
NA,1,AR,ad,ru,eu,,ARb,eu,,1,Qc,,1,lcb,rh,,,,,,esp,AA,,46,TH,,TO,Tiefgrundiger rotbrauner Halbwüsteboden aus rotbraunen aeolischem Sand (Scholz, 1968),,01/08/04 12:00 AM,OSP,,,,
NA,2,LV,cr,ohh,,,,,,0,Yl,,0,,,,,,,,dra,AA,82,34,TH,,,Red brown soil of dry savanna,Rotbraune Boden der Troekmin Savanne (Scholz, 1968).,,,,,,
NA,3,AR,lvw,ad,ru,eu,ARl,ad,,1,Qc,,1,fgd,ar,,46,IH,,AR,dom,AR,,46,IH,,,Brauner tiefgrundiger, steinfreier Talboden der Kurzgras Savane,,05/17/04 12:00 AM,OSP,,,,
NA,4,PH,ph,,,,PHh,,,1,Hh,,1,ifg,pa,,,,,,mua,PA,96,34,TH,,US,Dunkelbrauner Talboden der Dornbuschsavanne auf kalklosem Substrat (Scholz, 1962),,01/08/04 12:00 AM,OSP,,,,
NA,5,LV,pf,ro,,,LVx,,,1,Lc,,1,jcf,ty,,,,,,aub,AA,80,46,TH,,US,Rotbrauner, kalkfreir, tiefgründiger Boden der Feuchtsavanne (Scholz, 1962),,01/09/04 12:00 AM,OSP,,
NA,6,CM,fv,ca,,,CMc,fl,,1,Bk,,1,kdd,cd,,,,,,iou,CA06,68,35,TH,,US,Dunkelbrauner, tiefgründiger, kalkhaltiger Talboden (Scholz, 1962),,01/09/04 12:00 AM,OSP,,
NA,7,PH,ph,,,,PHh,,,1,Hh,,1,ifg,ty,,,,,,mua,AA,96,34,TH,,US,Dunkelbraune bis schwarzer tiefgründiger Talboden,,01/09/04 12:00 AM,OSP,,,,,
NA,8,LX,pf,ro,,,LXh,,,1,Lf,,1,jcf,ty,,,,,,aub,AA,126,34,TH,,US,Roter tonreicher Reliktboden in Tallager aus Dolomit (Scholz, 1968),,01/09/04 12:00 AM,OSP,,,,
NA,9,VR,pe,,,,VRe,ca,,0,Vp,,1,vee,az,,,,,,vul,EN,126,34,HT,,US,,,07/26/96 12:00 AM,,,,,,
NA,10,AR,eu,,,,,,,0,Qc,,0,,,,,,,,,,,,,,,Kalahari sands,,,,,,,,
NA,11,CL,pt,,,,LPE,pk,,0,Xk,MK,0,,,,,,,,dob,US08,80,5,HT,,AR,Flachgründiger Kalkkrustboden der Kurzgrassavanna,,07/26/96 12:00 AM,,,,,,
NE,1,,,,,,,,,0,,,0,,,,,,,,,,,,,,,,,,,,,,,
NE,2,,,,,,,,,0,,,0,,,,,,,,,,,,,,,,,,,,,,,
NE,3,,,,,,,,,0,,,0,,,,,,,,,,,,,,,,,,,,,,,
NE,4,,,,,,,,,0,,,0,,,,,,,,,,,,,,,,,,,,,,,
NG,1,,,,,,,,,0,Lf,,0,,,,,,,,aub,OX,114,28,IH,,,Iwo Series,,,,,,,,
NG,2,,,,,,,,,0,Re,,0,,,,,,,,eou,AQ06,62,34,IH,,,Apumo Series,,,,,,,,
NG,3,,,,,,,,,0,Lf,,0,,,,,,,,aua,OX,50,28,IH,,,Gambari Series,,,,,,,,
NG,4,,,,,,LXH,or,RU,0,Lf,ST,1,jch,kh,,,,,,aua,UL,96,34,IH,,UD,Balogun Series,,02/19/96 12:00 AM,,,,,,
NG,5,,,,,,,,,0,Lc,ST,0,,,,,,,,aub,UD02,114,34,IH,,UD,Araromi Series,,,,,,,,
NG,6,,,,,,,,,0,Ne,,0,,,,,,,,aub,OX,114,28,IH,,UD,Alagba Series,,,,,,,,
NG,7,,,,,,,,,0,Lf,PH,0,,,,,,,,aua,OX,68,34,IH,,UD,Owode Series,,,,,,,,
NG,8,,,,,,,,,0,Ap,,0,,,,,,,,uub,,68,34,IH,,UD,Atan Series,,,,,,,,
NG,9,,,,,,,,,0,Af,MS,0,,,,,,,,aub,RH,54,34,IH,,US,Sepeteri Series,,,,,,,,
NG,11,,,,,,,,,0,Lg,,0,,,,,,,,aqt,VE02,68,34,IH,,US,Lake Kainji Series,,,,,,,,
NG,12,,,,,,,,,0,Ap,,0,,,,,,,,uul,,114,28,IH,,US,Upper series Borgu Game Res.,,,,,,,,
NG,13,,,,,,,,,0,Ap,,0,,,,,,,,uul,OX,68,34,IH,,US,Lower series Borgu Game Res.,,,,,,,,
NG,14,,,,,,,,,0,Lg,,0,,,,,,,,aqt,AE,114,37,IH,,AQ,Adio Series,,,,,,,,
NG,15,,,,,,,,,0,Ag,,0,,,,,,,,,,86,28,IH,,UD,Obigwe Series,,,,,,,,
NG,16,,,,,,,,,0,Ao,,0,,,,,,,,udb,AA,86,28,IH,,UD,Elieta Series,,,,,,,,
NG,17,,,,,,,,,0,Qf,,0,,,,,,,,esu,AA,80,28,IH,,US,Apomu Series,,,,,,,,
NG,18,,,,,,,,,0,Lf,,1,,,,,,,,aua,OX,66,28,IH,,US,Egbeda Series,,,,,,,,
NG,19,,,,,,,,,0,Lf,,1,,,,,,,,adt,OX,66,28,IH,,UD,Alagba Series,,,,,,,,
NG,20,,,,,,,,,0,Lf,,1,,,,,,,,adt,OX,66,28,IH,,UD,Owode Series,,,,,,,,
NG,21,,,,,,,,,0,Lf,,1,,,,,,,,aua,OX,64,,IH,,US,Iwo Series,,,,,,,,
NG,22,,,,,,,,,0,Af,,1,,,,,,,,uua,OX,64,28,IH,,US,Etionni Series,,,,,,,,
NG,23,,,,,,,,,0,Af,,1,,,,,,,,uua,OX,64,28,IH,,US,Erinoke Series,,,,,,,,
NG,24,,,,,,,,,0,Lf,,1,,,,,,,,aua,OX,66,28,IH,,US,Itagunmodi Series,,,,,,,,
NG,25,,,,,,,,,0,Lf,,1,,,,,,,,adt,OX,64,28,IH,,UD,Balogun Series,,,,,,,,
NG,26,,,,,,,,,0,Lf,,1,,,,,,,,adt,OX,66,28,IH,,UD,Fagbo Series,,,,,,,,
NG,27,,,,,,,,,0,Lf,,1,,,,,,,,aur,OX,66,,IH,,US,Shepeteri Series,,,,,,,,
NG,28,,,,,,,,,0,Qf,,1,,,,,,,,esu,AQ06,62,,IH,,US,Oyo Series,,,,,,,,
NG,29,,,,,,,,,0,Qf,,1,,,,,,,,esu,AA,62,,IH,,US,Shante Series,,,,,,,,
NI,1,,,,,,,,,0,Je,,0,,,,,,,,evu,MO,68,,IH,,US,,,,,,,,,
NI,2,,,,,,,,,0,Bv,,0,,,,,,,,itu,VE02,114,,IH,,US,chocolito,,,,,,,,
NI,3,,,,,,,,,0,Lv,,0,,,,,,,,aua,VE02,114,,US,,IH,,,,,,,,,
NI,4,,,,,,,,,0,Lf,,0,,,,,,,,,,68,,US,,IH,San Rafael Rivas series,,,,,,,,
NI,5,,,,,,ANZ,,,0,Tv,,1,dea,mo,,,,,,inv,MO,5,24,IH,,US,,,05/26/94 12:00 AM,,,,,,
NI,6,,,,,,ANM,,,0,Tm,,1,dfb,ty,,,,,,ine,AA,68,24,IH,,US,Series Nindiri,,05/26/94 12:00 AM,,,,,,
NI,7,,,,,,PHH,,DU,0,Hh,MQ,1,ifa,en,,,,,,mud,,106,34,IH,,US,Series Zambrano,,05/26/94 12:00 AM,,,,,,
NI,8,,,,,,LVX,or,,0,Lc,,1,jcg,ty,,,,,,aur,AA,126,34,IH,,US,,,05/26/94 12:00 AM,,,,,,
NI,9,,,,,,VRe,pe,,0,Vp,,1,vee,ty,,,,,,vul,AA,134,38,IH,,US,Series San Nicolas,,05/26/94 12:00 AM,,,,,,
NI,10,,,,,,PHH,,DU,0,Hh,MQ,1,ifa,en,,,,,,mud,,106,24,IH,,US,Series Santo Domingo,,05/26/94 12:00 AM,,,,,,
NI,11,,,,,,PHH,,DU,0,Hh,MQ,1,ifa,en,,,,,,mud,,96,24,IH,,US,,,05/26/94 12:00 AM,,,,,,
NL,1,LV,dy,,,,,,,0,,,0,,,,,,,,ada,MO,88,34,ME,,UD,Rooibrikgrond,,01/09/04 12:00 AM,OSP,,,,,
NL,2,PZ,et,,,,PZb,,,1,Pl,,1,cde,en,,,,,,soa,EN,62,46,ME,,UD,Holtpodzolgrond,,01/12/04 12:00 AM,OSP,,,,,
NL,5,LV,sl,ct,,,LVh,si,,1,Lo,,1,jej,ty,,,,,,ada,AA,106,34,ME,,UD,Brikgrond,,01/12/04 12:00 AM,OSP,,,,,
NL,6,FL,gl,eu,,,FLe,,,1,Je,,1,lae,mo,,,,,,eqv,MO,114,34,ME,,AQ,Komkleigrond, Poldervaaggrond,,01/12/04 12:00 AM,OSP,,,,
NL,7,CM,fv,gl,eu,,CMg,fl,,1,Bg,,1,kfd,fl,,,,,,eod,FL06,88,35,ME,,UD,Stroomruggrond,,01/12/04 12:00 AM,OSP,,,,,
NL,10,FL,gl,hu,eu,,FLe,gl,,1,Je,,1,lae,ty,,,,,,eqv,AA,114,26,ME,nonacid,AQ,Poldervaaggrond,REFERENCE: Soil excursion in the vicinity of Wageningen, soil B-NL10,01/13/04 12:00 AM,OSP,,,,
NL,11,LV,le,vr,,,LVh,,LI,1,Lo,LI,1,,,,,,,,,,,,,,,Bergbrikgrond or kleefaarde,,01/06/03 12:00 AM,OSP,,,,,
NL,12,AT,pa,ar,,,ATf,,,1,Bh,,1,kba,,,,,,,ig,,62,46,ME,,UD,Enkeerdgrond (black),,01/13/04 12:00 AM,,,,,,
NL,14,AR,gl,eu,,,ARg,eu,,1,Qc,,1,lcf,aq,,,,,,esd,AQ06,,34,ME,,UD,Vlakvaaggrond,,01/13/04 12:00 AM,OSP,,,,,
NL,16,PZ,am,,,,PZh,,,1,Po,,1,cde,ty,,,,,,soa,AA,62,46,ME,,UD,Veldpodzolgrond,,01/14/04 12:00 AM,OSP,,,,,
NL,18,PL,gl,lv,ab,au,PLd,al,,1,Wd,,1,jah,ae04,,,,,,aqw,AE10,64,34,ME,,AQ,Beemdbrikgrond,,01/16/04 12:00 AM,OSP,,,,,
NL,19,FL,ca,,,,FLc,,,1,Jc,,1,lde,ty,,,,,,evd,AA,62,27,ME,,UD,Poldervaaggrond,,,,,,,,
NL,20,PZ,et,am,,,PZb,,,1,Pl,,1,cde,en,,,,,,soa,EN,62,46,ME,,UD,Haarpodzolgrond,,01/20/04 12:00 AM,OSP,,,,,
NL,21,AT,pa,sd,,,ATf,,,1,Ph,,1,kba,ty,,,,,,ig,,62,46,ME,,UD,Enkeerdgrond,,01/21/04 12:00 AM,OSP,,,,,
NL,23,AR,dy,sd,,,ARh,dy,,1,Qc,,1,lcf,ty,,,,,,esd,AA,,46,ME,,UD,Duinvaaggrond,WRB: Thaptospodi-Dystric Arenosol,02/02/04 12:00 AM,OSP,,,,,
NL,28,PZ,ha,,,,PZc,,,1,Ph,,1,ccd,ar,,,,,,sha,AR10,62,,ME,,UD,Haarpodzol,,02/23/04 12:00 AM,OSP,,,,,
NL,29,PZ,ha,,,,PZc,,,1,Ph,,1,ccd,ar,,,,,,sha,UL,62,,ME,,UD,Haarpodzol,,02/23/04 12:00 AM,OSP,,,,,
NL,30,CM,fv,gl,sow,ca,CMc,fl,,1,Bk,,1,kfd,ty,,,,,,ioe,AA,88,35,ME,,UD,Ooivaaggrond,,02/24/04 12:00 AM,OSP,,,,,
NL,32,PZ,cb,,,,PZc,,,1,Ph,,1,ccd,ty,,,,,,sha,AA,62,46,ME,,UD,Haarpodzolgrond,,02/25/04 12:00 AM,OSP,,,,,
NL,33,PZ,et,,,,PZb,,,1,Pl,,1,cde,en,,,,,,soa,EN,62,46,ME,,UD,Holtpodzolgrond,,02/25/04 12:00 AM,OSP,,,,,
NL,34,PZ,gl,cb,,,PZg,,,1,Pg,,1,cab,ar,,,,,,sqa,AR,62,46,ME,,UD,Veldpodzolgrond,,02/26/04 12:00 AM,OSP,,,,,
NL,35,RG,ga,,,,ATu,,,1,Qc,,1,,,,,,,,,,,,,,,,,02/27/04 12:00 AM,OSP,,,,,
NL,36,AT,pa,rg,,,ATf,,,1,Qc,,1,kba,ty,,,,,,ig,,62,46,ME,,UD,Enkeerdgrond,,02/27/04 12:00 AM,OSP,,,,,
NO,1,,,,,,,,,0,Rc,,1,,,,,,,,eod,AA,44,34,FR,,,Para rendzina,A black, sandy A horizon overlies a very gravelly sand of marine ì,,,,,,
NO,2,,,,,,,,,0,Po,,1,,,,,,,,sqa,PK,50,34,FR,,,Peaty Podzol,A shallow, very poorly drained profile. A surface horizon of ì,,,,,,
NO,3,CM,fv,dy,,,CMd,fl,,1,Bd,,1,kfe,ty,,,,,,ioy,AA,80,46,FR,,UD,,,03/03/04 12:00 AM,OSP,,,,,
NZ,1,CM,dy,,,,CMd,si,,1,Bd,,1,kfe,ty,,,,,,ioy,AA,106,34,ME,,UD,Moderately leached southern yellow-grey earth, Timaru silt loam,,02/27/04 12:00 AM,OSP,,,,
NZ,2,CM,dyh,,,,CMd,si,,1,Bd,,1,kfe,ty,,,,,,ioy,AA,106,34,ME,,UD,Strongly leached southern yellow-brown earth; Waikiwi silt loam,,03/01/04 12:00 AM,OSP,,,,,
NZ,3,AN,si,dy,,,ANh,,,1,To,,1,dgf,ty,,,,,,iny,AA,10,34,ME,,UD,Moderately leached central yellow-bron soil; Egmont black loam,,03/03/04 12:00 AM,OSP,,,,,
NZ,4,CM,st,dyh,,,CMd,st,,1,Bd,,1,kfe,oy,,,,,,ioy,AQ06,114,34,ME,,UD,Moderately to strongly leached northern yellow-brown earth; Whangaripo clay,,03/02/04 12:00 AM,OSP,,,,,
NZ,5,AN,vi,dye,eun,,ANz,dy,,1,Tv,,1,deb,ty,,,,,,iny,AA,10,34,ME,,UD,Moderately leached yellow-brown pumice soil; Taupo sandy silt,,03/03/04 12:00 AM,OSP,,,,,
OM,1,,,,,,,,,0,Yh,,0,,,,,,,,,,,,,,,,,06/29/94 12:00 AM,,,,,,
OM,2,,,,,,,,,0,Yk,,0,,,,,,,,dok,AA,,,,,AR,,,,,,,,,
OM,3,,,,,,GYK,,PH,1,Yy,PH,1,,,,,,,,dog,AA,80,34,HT,,AR,,,07/24/96 12:00 AM,,,,,,
OM,4,,,,,,,,,0,Yl,,0,,,,,,,,,,,,,,,,,06/29/94 12:00 AM,,,,,,
PE,1,,,,,,PZH,,,0,Po,,1,cde,en,,,,,,sot,EN,62,46,IH,,PU,,,03/23/95 12:00 AM,,,,,,
PE,2,,,,,,CMO,,,0,Bd,,1,ede,ty,,,,,,ity,AA,80,,IH,,PU,,,03/20/95 12:00 AM,,,,,,
PE,3,,,,,,ARH,,,0,Qa,,1,lcc,ty,,,,,,esz,AA,,46,IH,,PU,,,03/20/95 12:00 AM,,,,,,
PE,4,,,,,,PZH,,,0,Pp,,0,,,,,,,,sop,,,,IH,,PU,,,12/04/94 12:00 AM,,,,,,
PE,5,,,,,,FLE,,,0,Je,,0,,,,,,,,evt,AA,80,34,IH,,PU,Restinga alta.,,03/20/95 12:00 AM,,,,,,
PE,6,,,,,,ALH,au,,0,Ao,,1,hce,ty,,,,,,udb,AA,96,46,IH,,UD,Suelo Yurimaguas,,08/08/95 12:00 AM,,,,,,
PE,7,,,,,,CMD,,,0,Bf,,0,,,,,,,,,,118,34,IH,,UD,,,03/20/95 12:00 AM,,,,,,
PE,8,,,,,,ACH,,,0,Bd,,0,,,,,,,,ity,AA,114,28,IH,,UD,,,12/04/94 12:00 AM,,,,,,
PE,9,,,,,,CME,eu,,0,Be,,1,,,,,,,,ite,AA,126,37,IH,,UD,,,03/20/95 12:00 AM,,,,,,
PE,10,,,,,,CMO,,,0,Bf,,1,,,,,,,,,,126,28,IH,,UD,Suelo Carretera,,03/20/95 12:00 AM,,,,,,
PE,11,,,,,,LXH,,,0,Bf,,1,jee,ty,,,,,,,,86,34,IH,,UD,,,03/20/95 12:00 AM,,,,,,
PE,12,AL,gl,st,,,ALg,st,,1,Ag,,1,hcc,aq,,,,,,udb,AQ06,114,37,IH,,UD,Tierra firme,,03/17/04 12:00 AM,OSP,,,,,
PE,13,AR,ab,dye,,,ARa,ed,,1,Qa,,1,lcc,ty,,,,,,esz,AA,,,IH,,UD,Altura,Giant Podzol,03/17/04 12:00 AM,OSP,,,,,
PE,14,AC,ar,pf,,,ACh,,,1,Ao,,1,hce,ar,,,,,,udb,AR,80,46,IH,,UD,Altura,,03/17/04 12:00 AM,OSP,,,,,
PE,15,AL,pf,dyh,cr,,ALh,,,1,Ao,,1,hce,ty,,,,,,udb,AA,114,37,IH,,UD,Terra firme,,03/18/04 12:00 AM,OSP,,,,,
PE,16,,,,,,CME,,,0,Be,,0,,,,,,,,iou,AA,96,34,IM,,US,Suelo Tarata,,03/20/95 12:00 AM,,,,,,
PE,17,,,,,,ARH,,,0,Re,,0,lcb,ty,,,,,,eop,AA,,46,IT,,AR,,,03/21/95 12:00 AM,,,,,,
PE,18,,,,,,ARH,,,0,Re,,0,lcb,ty,,,,,,eop,AA,,32,IT,,AR,,,03/21/95 12:00 AM,,,,,,
PE,19,,,,,,PHC,,,0,Tm,,0,ifg,,,,,,,inv,MO,80,34,IT,,AR,,,03/21/95 12:00 AM,,,,,,
PE,20,,,,,,ARH,,,0,,,0,lcb,ty,,,,,,inv,AA,,34,IT,,AR,,,03/21/95 12:00 AM,,,,,,
PE,21,,,,,,FLC,,,0,Jc,,0,ldd,ty,,,,,,evp,AA,96,,IM,,AR,Suelo Moquegua.,,03/21/95 12:00 AM,,,,,,
PE,22,,,,,,CMX,,,0,Bc,,0,,,,,,,,itu,AA,96,34,IM,,US,Suelo Pomacanchi,,03/21/95 12:00 AM,,,,,,
PE,23,,,,,,PHC,,,0,Hc,,0,ifg,fl,,,,,,mua,FN,126,35,IM,,US,Suelo Tinta.,,03/21/95 12:00 AM,,,,,,
PE,24,,,,,,CHK,,,0,Ck,,0,ifc,pa,,,,,,muk,TH,106,34,IM,,US,Suelo Petreria.,,03/21/95 12:00 AM,,,,,,
PE,25,,,,,,CHL,,,0,Ch,,0,ifg,cu,,,,,,mqk,AE,96,34,IM,,US,Suelo Lago.,,03/22/95 12:00 AM,,,,,,
PH,1,,,,,,,,,0,Th,,0,,,,,,,,iny,HY,115,,IH,,UD,Pili series,,,,,,,,
PH,2,,,,,,,,,0,Af,,0,,,,,,,,udb,AA,134,,IH,,UD,Sevilla series,,,,,,,,
PH,3,,,,,,,,,0,Ge,,0,,,,,,,,iqt,VE02,126,37,IH,,US,Bantog series,,,,,,,,
PH,4,,,,,,,,,0,Be,,0,,,,,,,,itu,FL06,106,34,IH,,US,Quingua series,,,,,,,,
PH,5,,,,,,,,,0,Vp,,0,,,,,,,,vul,UD02,114,37,IH,,US,Bigaa series,,,,,,,,
PH,6,,,,,,,,,0,Gd,,0,,,,,,,,iqt,,114,,IH,,UD,,,,,,,,,
PK,1,,,,,,,,,0,,,0,,,,,,,,dom,US08,126,34,HT,,AR,Pacca soil series,,,,,,,,
PK,2,,,,,,,,,0,,,0,,,,,,,,dos,AA,126,34,HT,,AR,Pitafi series,,,,,,,,
PK,3,,,,,,,,,0,,,0,,,,,,,,dra,US08,106,34,HT,,US,Bhalwal series,,,,,,,,
PK,4,,,,,,,,,0,,,0,,,,,,,,aun,AA,80,34,HT,,US,Eminabad series,,,,,,,,
PK,5,,,,,,,,,0,,,0,,,,,,,,aua,UD02,106,34,HT,,US,Guliana series,,,,,,,,
PK,6,,,,,,,,,0,,ST,0,,,,,,,,mda,AA,106,34,ME,,UD,Murree series,,,,,,,,
PL,1,,,,,,,,,0,Je,,0,,,,,,,,,,,,,,,Mada brunatna /pylowa,Brief description of the profile. A deep greyish brown silty clay ,,,,,,,
PL,2,,,,,,,,,0,Je,,0,,,,,,,,,,,,,,,Mada brunatna pylowa (l+/),,,,,,,,
PL,3,,,,,,,,,0,E,,0,,,,,,,,,,,,,,,Redzina kredowa,A black deep loamy Al horizon with light grey splinters of chalk ì,,,,,,,
PL,4,,,,,,,,,0,E,,0,,,,,,,,,,,,,,,Redzina gipsowa,A shallow black loamy Al horizon passes into a dark grey-yellow ì,,,,,,,
PL,5,,,,,,,,,0,Hh,,0,,,,,,,,,,,,,,,Czarnoziem wlasciwy,A very deep black Al horizon of loess passes into a shallow ì,,,,,,,
PL,6,AB,eun,sl,,,PDe,si,,1,De,,1,jei,ty,,,,,,adg,AA,106,34,ME,,UD,Gleba plowa wlasciwa,A dark grey Al horizon passes into a light yellow A3-horizon of ì,,,,,,,
PL,7,,,,,,,,,0,Lg,,0,,,,,,,,,,,,,,,Gleba opadowo glejowa/pseudogl,A grey loamy sand Alp-horizon passes into a light dark ì,,,,,,,
PL,8,,,,,,,,,0,Hh,,0,,,,,,,,,,,,,,,Czarna ziemia kujawska,A deep black grey silty loam Alp-horizon passes into a black ì,,,,,,,
PL,9,,,,,,,,,0,Je,,0,,,,,,,,,,,,,,,Mada rzeczna/brunatna,A dark brown Alp-horizon of silty clay passes into brown and iron ì,,,,,,,
PL,10,,,,,,,,,0,Be,,0,,,,,,,,,,,,,,,Gleba brunatna Wlasciwa,A dark brown Alp-horizon of loam passes sharply into a brown ì,,,,,,,
PL,11,,,,,,,,,0,Be,,0,,,,,,,,,,,,,,,Gleba brunatna wlasciwa lesna,A tiny litter layer (leaves) passes sharply into a grey black ì,,,,,,,
PL,12,,,,,,,,,0,Po,,0,,,,,,,,,,,,,,,Bielica wlasciwa,A very shallow dark brown humus layer passes into a shallow dark ì,,,,,,,
PL,13,,,,,,,,,0,Lg,,0,,,,,,,,,,,,,,,Gleba plowa odgornie oglejona,A grey Alp-horizon of loamy sand passes sharply into a light grey ì,,,,,,,
PL,14,,,,,,,,,0,Qb,,0,,,,,,,,,,,,,,,Gleba rdzawa wlasciwa,Below a dark grey sandy Alp-horizon there is a BFe-horizon with a ì,,,,,,,
RO,1,,,,,,,,,0,Bd,,0,,,,,,,,ioy,AA,,,,,,Typic acid brown soil,,05/04/94 12:00 AM,,,,,,
RO,2,,,,,,CHK,vm,,0,Ck,,1,iff,ty,,,,,,muv,AA,106,35,ME,,US,Vermic Chernozem,,01/29/96 12:00 AM,,,,,,
RO,3,,,,,,,,,0,Lo,,1,,,,,,,,mda,AQ06,,,,,,Gray Brown Podzolic Soil,,05/03/94 12:00 AM,,,,,,
RO,4,,,,,,,,,0,Cl,,0,,,,,,,,mur,PA,,,,,,Degraded chernozem,,05/03/94 12:00 AM,,,,,,
RO,5,,,,,,,,,0,Ch,,0,,,,,,,,mua,AA,,,,,,Leached chernozem,,05/03/94 12:00 AM,,,,,,
RO,6,,,,,,,,,0,Lc,,0,,,,,,,,adb,MO,,,,,,Reddish Brown Forest Soil,,05/03/94 12:00 AM,,,,,,
RO,7,,,,,,,,,0,Dg,,0,,,,,,,,aqg,AE,,,,,,Low Humic Gley,,05/04/94 12:00 AM,,,,,,
RO,8,,,,,,,,,0,We,,0,,,,,,,,aqw,AE,,,,,,Planosol with surf. water gley,,05/04/94 12:00 AM,,,,,,
RO,9,,,,,,,,,0,Kh,,0,,,,,,,,mua,EN,,,,,,Chestnut Steppe Soil,,05/04/94 12:00 AM,,,,,,
RO,10,,,,,,,,,0,Be,,0,,,,,,,,ioe,RE,,,,,,Brown Forest Soil,,05/04/94 12:00 AM,,,,,,
RO,11,,,,,,,,,0,Pl,,0,,,,,,,,soc,AA,,,,,,Typic Podzolic Brown Soil,,05/04/94 12:00 AM,,,,,,
RU,2,PZ,gl,cb,hif,,PZg,fh,,1,Pg,,1,caa,hi,,,,,,sqc,HI,62,46,CR,,AQ,Peaty-podzolic illuvial-humus soil,,03/04/04 12:00 AM,OSP,,,,,
RU,3,,,,,,,,,0,,,0,,,,,,,,,,,,,,,Strongly podzolic loamy soil on boulder loam,,,,,,,,
RU,4,PZ,cb,,,,PZc,,,1,Ph,,1,cbc,ty,,,,,,shc,AA,62,46,CR,,UD,Sandy illuvial-humus soil,,03/04/04 12:00 AM,OSP,,,,,
RU,5,,,,,,,,,0,Mo,,1,,,,,,,,mbr,MO,96,35,,,,Grey Forest Soil,,,,,,,,
RU,6,,,,,,,,,0,Ck,,0,,,,,,,,mbv,AA,126,,,,,Typical Chernozem,,,,,,,,
RU,8,KS,cc,sl,am,,KSk,si,,1,Kk,,1,ifc,ty,,,,,,muk,AA,96,35,ME,,US,Dark chestnut loamy soil,,03/04/04 12:00 AM,OSP,,,,,
RW,1,,,,,,ANU,or,,0,Th,,0,dgc,th,,,,,,ine,UD02,10,,IT,,UD,,,01/08/97 12:00 AM,,,,,,
RW,2,,,,,,ANM,hu,,0,Tm,,1,dgc,ty,,,,,,ine,UD02,10,,IT,,UD,Bigogwe Series,,01/14/97 12:00 AM,,,,,,
RW,3,,,,,,FRH,,,0,Fr,,0,eea,hm,,,,,,oua,TR02,114,28,IH,,UD,Duha Series,,01/14/97 12:00 AM,,,,,,
RW,4,,,,,,LXH,hu,,0,Lf,,0,jee,mo,,,,,,adt,OX,115,28,IH,,UD,Masaka Series,,01/15/97 12:00 AM,,,,,,
RW,5,FR,ac,dyh,,,ACh,fa,,1,Fx,,1,eed,ty,,,,,,oua,TR02,114,28,IH,,US,,,03/23/04 12:00 AM,OSP,,,,,
RW,6,,,,,,,,,0,Ah,,0,,,,,,,,uht,,114,,,,,,,,,,,,,
RW,7,,,,,,,,,0,Fh,,0,,,,,,,,uhs,HU06,126,28,IT,,UD,,,,,,,,,
RW,8,,,,,,,,,0,Fh,,0,,,,,,,,ohs,AA,114,28,IT,,UD,,,,,,,,,
RW,9,,,,,,,,,0,Ah,,0,,,,,,,,uhs,,114,28,IT,,UD,,,,,,,,,
RW,10,,,,,,,,,0,Ah,,0,,,,,,,,ohs,AA,115,28,IT,,UD,,,,,,,,,
SE,1,,,,,,,,,0,,,0,,,,,,,,,,,,,,,,,,,,,,,
SE,2,,,,,,,,,0,,,0,,,,,,,,,,,,,,,,,,,,,,,
SE,3,,,,,,,,,0,,,0,,,,,,,,,,,,,,,,,,,,,,,
SE,4,,,,,,,,,0,Rc,,1,,,,,,,,esd,AA,62,4,,,UD,Pararendzina,,,,,,,,
SE,5,,,,,,,,,0,,,0,,,,,,,,,,,,,,,,,,,,,,,
SE,6,,,,,,,,,0,,,0,,,,,,,,,,,,,,,,,,,,,,,
SE,7,,,,,,,,,0,,,0,,,,,,,,,,,,,,,,,,,,,,,
SE,8,,,,,,,,,0,,,0,,,,,,,,,,,,,,,,,,,,,,,
SE,9,,,,,,,,,0,,,0,,,,,,,,,,,,,,,,,,,,,,,
SE,10,,,,,,,,,0,,,0,,,,,,,,,,,,,,,,,,,,,,,
SE,11,,,,,,,,,0,,,0,,,,,,,,,,,,,,,,,,,,,,,
SE,12,,,,,,,,,0,,,0,,,,,,,,,,,,,,,,,,,,,,,
SE,13,,,,,,,,,0,,,0,,,,,,,,,,,,,,,,,,,,,,,
SE,14,,,,,,,,,0,Rd,,0,,,,,,,,esc,AA,,,,,,Lichen Podzol (Tamm, 1927 ?),,,,,,,
SE,15,,,,,,,,,0,Ph,,0,,,,,,,,shf,,50,,,,,Humus Podzol,,,,,,,,
SE,16,,,,,,,,,0,Po,,0,,,,,,,,soc,AA,80,,,,,Iron Podzol (Tamm,1930, 1950),,,,,,
SE,17,,,,,,,,,0,Pg,,0,,,,,,,,sqc,AA,62,,,,,Iron Humus Podzol,,,,,,,,
SE,18,,,,,,,,,0,,,0,,,,,,,,,,,,,,,,,,,,,,,
SE,19,,,,,,,,,0,,,0,,,,,,,,,,,,,,,,,,,,,,,
SE,20,,,,,,,,,0,,,0,,,,,,,,,,,,,,,,,,,,,,,
SK,1,GL,sow,hum,cc,,GLm,cc,,1,Gm,,1,,,,,,,,mqa,AA,80,32,ME,,AQ,Typická ciernica,,05/23/03 12:00 AM,OSP,,,,,
SK,2,PH,sl,vm,,,PHh,si,,1,Hh,,1,,,,,,,,mdv,AA,106,34,ME,,UD,Hnedozemná Cernozem (Braunes Tschernosem),,05/23/03 12:00 AM,OSP,,,,,
SK,3,CH,cc,vm,,,CHk,vm,,1,Ck,,1,,,,,,,,muk,AA,106,37,ME,,UD,Illimerzovaná pôda,CLASSIFICATION ST75: Ustoll on the accountof the calcic horizon present, not because soil moisture regime is ustic !!!,06/11/03 12:00 AM,OSP,,,,
SK,4,LV,sl,ct,,,LVh,si,,1,Lo,,1,,,,,,,,ada,AA,96,34,ME,,UD,Illimerizovaná pôda,,06/11/03 12:00 AM,OSP,,,,,
SK,5,CH,sl,vm,,,CHh,vm,,1,Ch,,1,,,,,,,,mda,AA,106,35,ME,,UD,Cernozem,,06/12/03 12:00 AM,OSP,,,,,
SK,6,LV,sl,ct,,,LVh,si,,1,Lo,,1,,,,,,,,ada,AA,106,34,ME,,UD,Illimarizovaná pôda oglejená,,06/13/03 12:00 AM,OSP,,,,,
SK,7,GL,mo,,,,GLm,,,1,Gm,,1,,,,,,,,mqa,AE,96,35,ME,,AQ,Luznapôda (meadow soil),,06/13/03 12:00 AM,OSP,,,,,
SY,2,CL,sow,ye,,,CLh,,,1,Yk,,1,ffb,ty,,,,,,dok,AA,96,35,TH,,AR,,,03/29/04 12:00 AM,OSP,,,,,
SY,3,GY,cc,ye,,,GYk,,,1,Xy,,1,fdd,ty,,,,,,dog,AA,96,35,TH,,AR,Light Brown Desert Soil,,03/29/04 12:00 AM,OSP,,,,,
TG,1,,,,,,,,,0,,,0,,,,,,,,,,,,,,,,,,,,,,,
TH,1,,,,,,FLT,,,0,Jt,,1,kaa,ty,,,,,,iqt,SU,114,34,IH,,AQ,Hydromorphic alluvial soil,Clayey soil with clear horizonation due to conspicuous color ì,,,,,,,
TH,2,,,,,,VRK,,,0,Vp,,1,ved,ty,,,,,,vul,UD02,126,38,IH,,US,Grumusol, Lop Buri Series,Black, imperfectly drained clayey profile, showing narrow cracks ì,,,,
TH,3,,,,,,GLE,,,0,Bg,,1,,,,,,,,itu,FL02,68,34,IH,,US,Alluvial soil, Sapphaya series,The profile shows only faint colour contrasts. Dominant colours ì,,,,,,
TH,4,,,,,,GLE,or,IN,0,Ge,,1,,,,,,,,iqt,AA,134,34,IH,,AQ,Alluvial soil, Phimai Series,A poorly drained dark grey clayey profile with many distinct ì,,,,,,
TH,5,,,,,,LVH,,,0,Lo,,1,jch,ty,,,,,,,,80,34,IH,,US,Don Chedi series grey podsolic,A dark brown sandy loam with moderate fine crumb structure in the ì,,,,,,,
TH,6,,,,,,LVH,,,0,Lo,,1,jch,ty,,,,,,aua,AA,14,34,IH,,US,see classification remarks,A dark brown, loamy to silty clayey soil with fine to medium ì,,,,,,
TH,7,,,,,,LVX,,,0,Lc,,1,jch,ty,,,,,,aua,RH,114,34,IH,,US,Pak Chong ser. Red Brown Earth,A clayey yellowish red soil in the B horizon; well drained. The ì,,,,,,,
TH,8,,,,,,CMD,,,0,Bd,,1,,,,,,,,uua,AA,126,28,IH,,US,Reddish Brown Lateritic Soil,A deep, well drained, strongly acid clay soil with a very dark ì,,,,,
TH,9,,,,,,CMO,,,0,Bf,,1,,,,,,,,,,114,28,IH,,US,Tha Mai series, Red Latosol,A dark reddish brown clayey soil with a good drainage. It has a ì,,,,,,
TH,10,,,,,,FRP,,,0,Fp,,1,ece,pt,,,,,,oua,,114,28,IH,,US,Trat ser.,redd-br.laterit.soil,A well drained, reddish brown and yellowish red clayey soil with ì,,,,,
TH,11,,,,,,CMO,,,0,Bf,,1,,,,,,,,oue,AA,10,34,IH,,US,Si Racha series,A reddish brown sandy clay loam soil with weak horizon ì,,,,,,,
TH,12,,,,,,ACH,,,0,Af,,1,jcd,ty,,,,,,aub,OX,68,28,IH,,US,Yasothon series, Latosol,A deep, somewhat excessively drained profile showing a brown ì,,,,,
TH,13,,,,,,CMD,,,0,Bd,,1,,,,,,,,uua,AA,10,34,IH,,US,Korat series, Grey Podzolic,A moderately well drained, differently coloured sandy loam soil ì,,,,,
TJ,1,AT,ir,rg,,,ATc,,,1,Bk,,1,,,,,,,,,,,,,,,Serozem,,03/04/04 12:00 AM,OSP,,,,,
TR,1,,,,,,CLH,,,0,Bk,,1,,,,,,,,,,,,ME,,XE,Reddish-Brown Soil,Deep, reddish brown clay, derived from marl. The B horizon shows ì,,,,,
TR,2,,,,,,CLH,,,0,Bk,,1,,,,,,,,,,,,ME,,XE,Gypsiferous Brown Soil,Deep, reddish brown clay derived from gypsum. The topsoil has a ì,,,,,,
TR,3,,,,,,CMU,,,0,Hh,,1,,,,,,,,,,,,,,,Gray-Brown Podzolic Soil,Deep, brownish clay loam on Eogene clay deposits. The CEC-soil ì,,,,,,
TR,4,,,,,,ALH,,,0,Bd,,1,hcg,ty,,,,,,,,,,,,UD,Red-Yellow Podzolic Soil,Deep, reddish yellow clay, overlain by a clay loam top soil, ì,,,,
TR,6,,,,,,PHC,,,0,Be,,1,,,,,,,,,,,,,,,Chestnut Soil,Deep, dark grey clay derived from Neogene clayey deposits. ì,,,,,,
TR,7,,,,,,LVV,,,0,Lv,,1,jdg,vr,,,,,,,,,,,,XE,Reddish Brown Mediterranean Soil,Deep, reddish brown clay derived from basalt rock. Showing ì,,,,,,
TR,8,,,,,,CLH,ep,,0,Xk,,1,,,,,,,,dok,XE08,134,5,ME,,AR,Sierozem,Deep, moderately well drained greyish brown silty clay loam ì,,,,,,
TR,10,,,,,,CLL,,,0,Lk,,1,jde,cc,,,,,,,,,,,,,Red Mediterranean Soil,Deep, dark red clay derived from limestone. The B horizon bears ì,,,,,,
TR,11,,,,,,CLH,,,0,Bk,,1,,,,,,,,,,,,,,US,Brown Soil,Deep, pale brown silty loam derived from gravelly marl. The ì,,,,,,
TR,12,,,,,,CLH,,,0,Bk,,1,,,,,,,,,,,,,,,Brown Forest Soil,Deep, pale brown loamy soil derived from micaschist, showing lime ì,,,,,
TR,13,,,,,,LVX,,,0,Bc,,1,jde,ty,,,,,,,,,,,,,Noncalcic Brown Soil,Deep, red clay loam derived from Miocene gravel, sand and clay ì,,,,,
TR,14,,,,,,VRe,,,0,Vp,,1,vcb,ty,,,,,,vxl,AA,,,,,,Vertisol,A deep black clayey profile with a weak prismatic and blocky ì,,,,,,,
TR,15,,,,,,RGC,,,0,Rc,,1,ied,ty,,,,,,mr,VE02,,,,,,Rendzina,A very dark grey, clayey surface horizon with a medium granular ì,,,,,,
TR,16,,,,,,VRK,,,0,Xk,,0,vcb,ch,,,,,,iox,VE02,114,38,TH,,XE,Reddish Brown Soil,,06/01/95 12:00 AM,,,,,,
TR,17,,,,,,CLP,,,0,Xk,LI,0,,,,,,,,iox,PE04,126,35,TH,,XE,Brown Soil,,06/01/95 12:00 AM,,,,,,
TR,18,,,,,,VRK,,,0,Vc,,0,vcb,az,,,,,,,,126,38,TH,,XE,Reddish Brown Basaltic Soil,,06/01/95 12:00 AM,,,,,,
TR,19,,,,,,CMX,,,0,Bc,,0,,,,,,,,iox,AA,126,28,TH,,XE,Red Mediterranean Soils,,06/01/95 12:00 AM,,,,,,
UA,1,,,,,,,,,0,,,0,,,,,,,,,,,,,,,,,,,,,,,
UA,2,,,,,,,,,0,,,0,,,,,,,,,,,,,,,,,,,,,,,
US,1,PZ,ha,,,,PZh,,,1,Po,,1,cde,ty,,,,,,soa,AA,62,46,FR,,UD,Kalashka sand,Michigan State soil,04/13/04 12:00 AM,OSP,,,,,
US,2,AC,dyh,cr,,,ACh,ch,,1,Ao,,1,hcc,ty,,,,,,uda,OX,96,28,TH,,UD,Cecil sandy loam,North Carolina State soil,04/13/04 12:00 AM,OSP,,,,,
US,3,,,,,,,,,0,Ne,,0,,,,,,,,udb,AA,114,28,TH,,UD,,,,,,,,,
US,4,AC,ab,ap,fr,,ACf,ab,,1,Af,,1,hce,ty,,,,,,udb,AA,96,46,TH,,UD,Norfolk sandy loam,,04/13/04 12:00 AM,OSP,,,,,
US,5,AN,es,,,,ANh,hu,,1,Th,,1,dfb,ty,,,,,,ine,AA,10,,IT,,US,Kikoni silt loam,,04/13/04 12:00 AM,OSP,,,,,
US,6,AN,hy,dyh,,,ANh,hd,,1,To,,1,dgd,ty,,,,,,iny,HY,26,,IT,,UD,Kukaiau silty clay loam,,04/15/04 12:00 AM,OSP,,,,,
US,7,AN,hy,dyh,,,ANh,hd,,1,To,,1,dgd,ty,,,,,,inw,AA,26,,IH,,PU,Hilo silty clay loam,Hawaii State soil,04/15/04 12:00 AM,OSP,,,,,
US,8,,,,,,,,,0,Fr,,0,,,,,,,,op,AA,114,28,IH,,AR,Molokai Series,,,,,,,,
US,9,,,,,,FRR,lx,,0,Fr,,1,ecc,rh,,,,,,oue,TR02,134,28,IH,,US,Wahiawa Series,FAO-Unesco (1988): Lixi-Rhodic Ferralsol (Nitic),02/25/96 12:00 AM,,,,,,
US,10,,,,,,,,,0,Fh,,0,,,,,,,,ohg,AA,114,14,IT,,,Halii Series,,,,,,,,
US,11,DU,,,,,LVH,du,,0,Lo,MQ,1,jda,ab,,,,,,axd,AB,126,34,TH,,XE,San Joaquin loam,California State soil,04/15/04 12:00 AM,OSP,,,,,
US,12,RG,ca,,,,RGc,,,1,Rc,,1,lec,ty,,,,,,eox,AA,106,34,TH,nonacid,XE,Yolo silt loam,,04/15/04 12:00 AM,OSP,,,,,
US,13,CH,lv,sl,,,CHl,si,,1,Cl,,1,ife,ty,,,,,,mur,AA,106,34,ME,,US,Holdrege silt loam,Nebraska State soil,04/15/04 12:00 AM,OSP,,,,,
US,14,GY,,,,,GYK,,,0,Xl,,1,fef,ty,,,,,,dra,AA,96,34,FR,,AR,Acacio sandy loam, 0-1% slope,,10/05/95 12:00 AM,,,,,
US,15,LV,ab,ct,,,LVa,,,1,La,,1,jej,ty,96,34,ME,,UD,ada,AA,96,34,ME,,UD,Miami silt loam,Indiana State soil,04/16/04 12:00 AM,,,,,,
US,16,CH,cc,sl,vm,,CHk,si,,1,Ck,,1,iff,en,96,34,FR,,US,mbv,HA09,96,34,FR,,US,Singsass silt loam,,04/19/04 12:00 AM,OSP,,,,,
US,17,CR,tu,gl,st,,CMI,st,GE,1,Gx,,1,abb,ty,68,34,CR,nonacid,AQ,iqc,PE,88,34,CR,,AQ,Tanana silt loam, thawed & drained,,04/19/04 12:00 AM,OSP,,,,
US,18,FL,eu,,,,FLe,,,1,Je,,1,lde,ty,88,34,ME,nonacid,UD,evd,AA,88,34,ME,nonacid,UD,Hadley silt loam,,04/20/04 12:00 AM,OSP,,,,,
US,19,AB,eun,sl,,,PDe,si,,1,De,,1,,,,,,,,abe,AR34,80,37,,,UD,Itasca silt loam,,04/20/04 12:00 AM,OSP,,,,,
US,20,KS,cc,lv,,,KSk,lu,,1,Kk,,1,ifc,af,,,,,,mbr,AR34,126,37,,,US,Scobey clay loam,Montana State soil,04/21/04 12:00 AM,OSP,,,,,
US,21,PH,gl,lv,sl,,PHg,lu,,1,Hg,,1,ibe,ty,126,37,ME,,AQ,mqr,AA,126,37,IT,,AQ,Haig silty clay loam,,05/17/04 12:00 AM,OSP,,,,,
US,22,VR,,,,,,,,0,Vp,,1,ved,ud,126,37,TH,,US,vul,UD02,126,37,TH,,US,Houston Black clay,,05/19/04 12:00 AM,OSP,,,,,
US,23,VR,,,,,,,,0,Vp,,1,ved,ud,126,37,TH,,US,vul,UD02,126,37,TH,,US,Houston Black clay,,05/19/04 12:00 AM,OSP,,,,,
US,24,KS,cc,sow,am,,KSk,,,1,Kk,,1,ifc,ty,96,34,HT,,US,muk,AA,96,34,HT,,US,Hidalgo sandy clay loam,,05/19/04 12:00 AM,OSP,,,,,
US,25,PH,ha,,,,PHh,,,1,Hh,,1,igf,ty,96,34,ME,,UD,mda,AA,96,34,ME,,TO,Clarion loam,,05/19/04 12:00 AM,OSP,,,,,
US,26,SN,szw,du,cch,ad,SNk,du,,1,So,Z,1,fca,ng,126,37,ME,,AR,drj,AA,126,37,ME,,AR,Chilcott silt loam,,05/17/04 12:00 AM,OSP,,,,,
US,27,PZ,gl,dn,,,PZg,,,1,Pg,,1,cab,ar,,46,HT,ortstein,AQ,sqa,AE,62,46,HT,ortstein,AQ,Lawnwood sand,,05/19/04 12:00 AM,OSP,,,,,
US,28,LV,gl,ab,ct,dy,ALg,ab,,1,Ag,,1,jah,mo,126,37,ME,,AQ,aqw,MO,126,37,ME,,AQ,Cisne silt loam,,05/19/04 12:00 AM,OSP,,,,,
UY,1,,,,,,PLE,st,IN,0,We,SO,1,jah,ty,,,,,,aqw,AA,96,34,TH,,AQ,Planosol districo ocrico Fr,The colour-requirements for stagnic properties are not met.,,,,,,,
UY,2,,,,,,,,,0,Hl,,0,,,,,,,,,,,,,,,Brunosol Eutrico tipico LAc,,07/25/94 12:00 AM,,,,,,
UY,3,,,,,,,,,0,Hl,,0,,,,,,,,,,86,50,TH,,UD,Brunosol Subeutrico luvico,,12/14/94 12:00 AM,,,,,,
UY,4,,,,,,,,,0,Hh,LI,0,,,,,,,,,,,50,TH,,UD,Brunosol Subeutrico haplico,,12/05/94 12:00 AM,,,,,,
UY,5,,,,,,,,,0,Vp,,0,,,,,,,,,,,,TH,,UD,Vertisol Ruptico,,09/02/94 12:00 AM,,,,,,
UY,6,,,,,,VRK,ca,,0,Vp,,0,vfb,ch,,,,,,,,126,38,TH,,UD,Vertisol Ruptico,,03/30/95 12:00 AM,,,,,,
UY,7,,,,,,PLE,,,0,We,,0,,,,,,,,,,,,,,,Pradera arenosa de maxima lix.,,05/31/95 12:00 AM,,,,,,
UY,8,,,,,,VRe,,,0,Vc,,0,vee,en,,,,,,vdl,AA,114,37,HT,,UD,Itapebi - Tres Arboles,,12/22/94 12:00 AM,,,,,,
UY,9,,,,,,,,,0,Lo,,0,,,,,,,,,,,,,,,Tacuarembo,,12/22/94 12:00 AM,,,,,,
UY,10,,,,,,,,,0,Hl,,0,,,,,,,,,,,,,,,Brunosol Subeutrico Tipico Fr.,LITERATURE:,,,,,,,
VE,1,,,,,,,,,0,Ap,,0,,,,,,,,uqb,PL04,114,,IH,,AQ,,,,,,,,,
WS,1,,,,,,,,,0,Fo,,0,,,,,,,,ooa,EP,68,18,IH,,PU,Vaipouli series,,,,,,,,
WS,2,,,,,,,,,0,,,0,,,,,,,,evt,MO,126,40,IH,,,Falevao clay loam and clay,,,,,,,,
WS,3,,,,,,CMD,li,,0,Bd,LI,1,,,,,,,,ith,LI02,126,34,IH,,PU,Vailele clay and bouldery clay,,02/28/96 12:00 AM,,,,,,
WS,4,,,,,,,,,0,,,0,,,,,,,,,,,,,,,Falealili series,,07/15/94 12:00 AM,,,,,,
WS,5,,,,,,,,,0,,,0,,,,,,,,adf,MO,126,34,IH,,,Vini clay,,,,,,,,
ZA,1,,,,,,,,,0,Hl,,0,,,,,,,,,PA,,,,,,,,04/20/94 12:00 AM,,,,,,
ZA,2,,,,,,,,,0,Fh,,0,,,,,,,,oua,AA,,18,TH,,US,,,04/20/94 12:00 AM,,,,,,
ZA,3,,,,,,,,,0,Bh,,0,,,,,,,,ima,,,,,,,Clovelly Form,,04/20/94 12:00 AM,,,,,,
ZA,5,AC,um,hu,cr,,ACu,pa,,1,Ah,,1,hbd,uu,,,,,,uda,OX,114,28,TH,,UD,Bonheim Form, Golela Family,,03/25/04 12:00 AM,OSP,,,,
ZA,6,AR,dy,,,,ARh,dy,,1,Qc,,1,lcc,ty,,,,,,esz,AA,,,TH,,UD,Cartref Form, Frosterley Family,,03/26/04 12:00 AM,OSP,,,,
ZA,7,UM,lep,,,,CMu,um,,1,Bh,,1,kfe,hm02,,,,,,ima,LI02,96,28,TH,,UD,Glenrosa Form, Tsende Family,,03/26/04 12:00 AM,OSP,,,,
ZA,8,VR,pe,mz,eu,,VRe,pe,,1,Vp,,1,vfb,ty,,,,,,vdr,,126,38,TH,,UD,Rensburg Form, Rietkuil Family,,03/26/04 12:00 AM,OSP,,,,
ZA,9,,,,,,,,,0,Vc,,0,,,,,,,,vur,AA,,,,,US,Arcadia Form,,04/20/94 12:00 AM,,,,,,
ZA,10,,,,,,,,,0,,,0,,,,,,,,,,,,,,,,,,,,,,,
ZA,11,SN,,,,,SNH,or,,0,So,,1,jcc,aq,,,,,,aun,AA,126,34,TH,,US,Estcourt Form, Nuweplaas Family,,03/26/04 12:00 AM,OSP,,,,
ZA,12,PT,um,hu,,,PTu,,,1,Bh,,1,,,,,,,,,,,,,,,Avalon Form, Normandien series,,03/26/04 12:00 AM,OSP,,,,
ZA,13,AR,ab,dy,,,ARa,dy,,1,Qa,,1,lcc,oy,,,,,,esz,AQ06,,,TH,,UD,Longlands Form, Sherbrook Family,,03/26/04 12:00 AM,OSP,,,,
ZA,14,AR,ab,dy,,,ARA,lu,,1,Qa,,1,lcc,ay,,,,,,esz,US04,,,TH,,US,Fernwood Form, Cornubia Family,USDA/SCS (1975): soil does not classify as Typic Quartzipsamment ì,,,,,,
ZA,15,,,,,,,,,0,,,0,,,,,,,,,,,,,,,,,,,,,,,
ZA,16,,,,,,PHH,si,,0,Hh,,1,igf,pa,,,,,,mda,PA,126,34,TH,,UD,Milkwood Form,,02/25/96 12:00 AM,,,,,,
ZA,17,,,,,,,,,0,,,0,,,,,,,,,,,,,,,,,,,,,,,
ZA,18,,,,,,,,,0,,,0,,,,,,,,,,,,,,,,,,,,,,,
ZA,19,,,,,,,,,0,,,0,,,,,,,,,,,,,,,,,,,,,,,
ZA,20,UM,hu,,,,CMu,um,,1,Bh,,1,eee,hm05,,,,,,ima,AA,126,34,TH,,UD,Hutton Form, Lillieburn Family,,03/29/04 12:00 AM,OSP,,,,
ZA,21,NT,um,hu,,,NTu,um,,1,Nh,,1,hbe,ty,,,,,,uhb,AA,126,34,TH,,UD,Inanda Form, Glenariff Family,,03/29/04 12:00 AM,OSP,,,,
ZM,1,,,,,,PZC,ar,,0,Ph,,1,cdd,ar,,,,,,sht,US04,62,46,IH,,US,Kaande sand,,08/25/94 12:00 AM,,,,,,
ZM,2,,,,,,FRH,ak,,0,Fo,,1,hdb,ty,,,,,,oua,AA,96,46,IH,,US,Mangango Series,,06/06/94 12:00 AM,,,,,,
ZM,3,,,,,,ACH,vt,,0,Af,,0,hdd,,,,,,,uua,OX,114,28,IT,,US,Mbala Series,,06/07/94 12:00 AM,,,,,,
ZM,4,,,,,,FRH,vt,,0,Fo,,0,ece,in,,,,,,oua,TR02,134,28,IT,,US,Malashi Series,CLASSIFICATION: the Bt1, Bt2 and Bt3 horizons are considered as ì,,,,,,
ZM,5,,,,,,FRX,vt,,0,Fx,,0,ece,ty,,,,,,oua,AA,96,46,IH,,US,Misamfu Series,,06/09/94 12:00 AM,,,,,,
ZM,6,,,,,,CMO,ch,,0,Bf,,0,,,,,,,,ity,US12,80,34,IH,,US,Mwiemba Series,,06/09/94 12:00 AM,,,,,,
ZM,7,,,,,,RGD,ap,,0,Rd,,0,ldc,,,,,,,evu,,64,34,IH,,US,unnamed,,06/09/94 12:00 AM,,,,,,
ZM,8,,,,,,FRX,ak,,0,Fx,,0,hdb,ty,,,,,,oua,AA,114,28,IH,,US,Mufilira sandy loam,,06/10/94 12:00 AM,,,,,,
ZM,9,,,,,,FRX,vt,,0,Fx,,0,ece,ty,,,,,,oua,AA,96,28,IH,,US,Misamfu sandy loam,,06/10/94 12:00 AM,,,,,,
ZM,10,,,,,,FRR,vt,,0,Fr,,0,ece,ty,,,,,,oua,TR02,134,34,IH,,US,Malashi clay,,02/20/96 12:00 AM,,,,,,
ZM,11,,,,,,VRe,so,,0,Vc,SO,1,vee,ud,,,,,,vur,UD02,126,34,HT,,US,Kafue clay,,06/13/94 12:00 AM,,,,,,
ZR,1,,,,,,,,,0,Fx,,0,,,,,,,,ooa,,,,IH,,UD,Sol ferr.fortement désat.jaune,,07/12/94 12:00 AM,,,,,,
ZR,2,,,,,,,,,0,Fx,,0,,,,,,,,ooa,,,,IH,,UD,Sol ferr.,fort.désaturé, jaune,,07/13/94 12:00 AM,,,,
ZW,1,,,,,,FRR,ni,,0,Lf,,0,,,,,,,,aub,RH,126,34,IT,,US,Harare 5E.2 series,,10/04/94 12:00 AM,,,,,,
ZW,2,,,,,,,,,0,Fo,,0,,,,,,,,oue,AA,66,24,IT,,US,Harare 6G.2,,,,,,,,
ZW,3,,,,,,,,,0,Re,,0,,,,,,,,esz,US04,62,34,TH,,US,Makoholi 5G.3 series,,,,,,,,
ZW,4,,,,,,,,,0,Fr,,0,,,,,,,,oue,RH,114,28,IT,,US,Harare 7I.2 series,,,,,,,,
ZW,5,,,,,,,,,0,,,0,,,,,,,,,,,,,,,Triangle 4PE.2 Series,,,,,,,,
ZW,6,,,,,,,,,0,,,0,,,,,,,,,,,,,,,Chisumbanje 3B.2 Series,,,,,,,,
ZW,7,,,,,,,,,0,,,0,,,,,,,,,,,,,,,Mazowe 5S.4 series,,,,,,,,
ZW,8,,,,,,,,,0,,,0,,,,,,,,,,,,,,,,,,,,,,,
ZW,9,,,,,,,,,0,,,0,,,,,,,,,,,,,,,,,,,,,,,
ZW,10,,,,,,,,,0,,,0,,,,,,,,,,,,,,,,,,,,,,,
ZW,11,,,,,,PTA,ak,,0,Ap,,1,hda,ty,,,,,,uul,,80,46,HT,,US,Makoholi 5G.3 Series,,02/15/96 12:00 AM,,,,,,
ZW,12,,,,,,,,,0,,,0,,,,,,,,,,,,,,,,,,,,,,,
ZW,13,,,,,,,,,0,,,0,,,,,,,,,,,,,,,,,,,,,,,
